개방자치단체코드,관리번호,구분명,근거법령명,화장실명,소재지도로명주소,소재지지번주소,남성용-대변기수,남성용-소변기수,남성용-장애인용대변기수,남성용-장애인용소변기수,남성용-어린이용대변기수,남성용-어린이용소변기수,여성용-대변기수,여성용-장애인용대변기수,여성용-어린이용대변기수,관리기관명,전화번호,개방시간,개방시간상세,설치연월,화장실소유구분명,오물처리방식,안전관리시설설치대상여부,비상벨설치여부,비상벨설치장소,화장실입구CCTV설치유무,기저귀교환대유무,기저귀교환대장소,리모델링연월,데이터기준일자,데이터갱신구분,데이터갱신시점,최종수정시점
4671000,202546710000100001,개방화장실,법제3조제16호-영제3조제1항제3호,만금빌딩,전북특별자치도 군산시 공단대로 460,,1,2,0,0,0,0,1,0,0,만금빌딩,,정시,09:00~18:00,201505,민간,수세식,N,N,,N,N,,,2025-07-01,I,2026-05-15 18:43:46,2025-07-02 17:46:25
4671000,202546710000100002,공중화장실,법제3조제16호-영제3조제1항제1호,신역세권택지 내,전북특별자치도 군산시 내흥동 1021,,4,5,0,0,0,0,9,0,0,군산시청,,상시,,202412,공공기관-지방자치단체,수세식,N,N,,N,N,,,2025-07-01,I,2026-05-15 18:43:46,2025-07-02 17:46:25
4671000,202546710000100003,공중화장실,법제3조제16호-영제3조제1항제1호,새만금초 앞,전북특별자치도 군산시 오식도동 503,,1,1,0,0,0,0,2,0,0,군산시청,,상시,,202412,공공기관-지방자치단체,수세식,N,N,,N,N,,,2025-07-01,I,2026-05-15 18:43:46,2025-07-02 17:46:25
4671000,202546710000100004,공중화장실,법제3조제16호-영제3조제1항제1호,공원,전북특별자치도 군산시 소룡동 1529-1,,1,1,0,0,0,0,2,0,0,군산시청,,상시,,202412,공공기관-지방자치단체,수세식,N,N,,N,N,,,2025-07-01,I,2026-05-15 18:43:46,2025-07-02 17:46:25
4671000,202546710000100005,개방화장실,법제3조제16호-영제3조제1항제3호,의료법인 평화의료재단 군산성신병원,전북특별자치도 군산시 백토로 33-0,,0,0,0,0,0,0,0,0,0,의료법인 평화의료재단 군산성신병원,,상시,,199108,민간,수세식,N,N,,N,N,,,2025-07-01,I,2026-05-15 18:43:46,2025-07-02 17:46:25
4671000,202546710000100006,개방화장실,법제3조제16호-영제3조제1항제3호,키움병원,전북특별자치도 군산시 궁포안2길 24-0,,0,0,0,0,0,0,0,0,0,키움병원,,상시,,202008,민간,수세식,N,N,,N,N,,,2025-07-01,I,2026-05-15 18:43:46,2025-07-02 17:46:25
4671000,202546710000100007,개방화장실,법제3조제16호-영제3조제1항제3호,의료법인 의인의료재단 차병원,전북특별자치도 군산시 수송로 8,,0,0,0,0,0,0,0,0,0,의료법인 의인의료재단 차병원,,상시,,199901,민간,수세식,N,N,,N,N,,,2025-07-01,I,2026-05-15 18:43:46,2025-07-02 17:46:25
4671000,202546710000100008,개방화장실,법제3조제16호-영제3조제1항제3호,의료법인 관주의료재단 정다운병원,전북특별자치도 군산시 대학로 236,,0,0,0,0,0,0,0,0,0,의료법인 관주의료재단 정다운병원,,상시,,200910,민간,수세식,N,N,,N,N,,,2025-07-01,I,2026-05-15 18:43:46,2025-07-02 17:46:25
4671000,202546710000100009,개방화장실,법제3조제16호-영제3조제1항제3호,의료법인성하의료재단 누가병원,전북특별자치도 군산시 백릉로 70,,0,0,0,0,0,0,0,0,0,의료법인성하의료재단 누가병원,,상시,,201202,민간,수세식,N,N,,N,N,,,2025-07-01,I,2026-05-15 18:43:45,2025-07-02 17:46:25
4671000,202546710000100010,개방화장실,법제3조제16호-영제3조제1항제3호,의료법인 모세의료재단 모세병원,전북특별자치도 군산시 문화로 47,,0,0,0,0,0,0,0,0,0,의료법인 모세의료재단 모세병원,,상시,,200005,민간,수세식,N,N,,N,N,,,2025-07-01,I,2026-05-15 18:43:46,2025-07-02 17:46:25
4671000,202546710000100011,개방화장실,법제3조제16호-영제3조제1항제3호,의료법인 유진의료재단 동서병원,전북특별자치도 군산시 백릉로 34,,0,0,0,0,0,0,0,0,0,의료법인 유진의료재단 동서병원,,상시,,198909,민간,수세식,N,N,,N,N,,,2025-07-01,I,2026-05-15 18:43:46,2025-07-02 17:46:25
4671000,202546710000100012,개방화장실,법제3조제16호-영제3조제1항제3호,수송한방병원,전북특별자치도 군산시 문화로 121-0,,0,0,0,0,0,0,0,0,0,수송한방병원,,상시,,201511,민간,수세식,N,N,,N,N,,,2025-07-01,I,2026-05-15 18:43:46,2025-07-02 17:46:25
4671000,202546710000100013,개방화장실,법제3조제16호-영제3조제1항제3호,군산베스트한방병원,전북특별자치도 군산시 공단대로 417-0,,0,0,0,0,0,0,0,0,0,군산베스트한방병원,,상시,,202301,민간,수세식,N,N,,N,N,,,2025-07-01,I,2026-05-15 18:43:46,2025-07-02 17:46:25
4671000,202546710000100014,개방화장실,법제3조제16호-영제3조제1항제3호,전북특별자치도 군산의료원,전북특별자치도 군산시 의료원로 27,,0,0,0,0,0,0,0,0,0,전북특별자치도 군산의료원,,상시,,200311,공공기관-지방자치단체,수세식,N,N,,N,N,,,2025-07-01,I,2026-05-15 18:43:46,2025-07-02 17:46:25
4671000,202546710000100015,개방화장실,법제3조제16호-영제3조제1항제3호,의료법인 평화의료재단 군산성신병원,전북특별자치도 군산시 백토로 33-0,,0,0,0,0,0,0,0,0,0,의료법인 평화의료재단 군산성신병원,,상시,,199108,민간,수세식,N,N,,N,N,,,2025-07-01,I,2026-05-15 18:43:46,2025-07-02 17:46:25
4671000,202546710000100016,개방화장실,법제3조제16호-영제3조제1항제3호,새희망요양병원,전북특별자치도 군산시 옥구읍 옥구남로 152-0,,0,0,0,0,0,0,0,0,0,새희망요양병원,,상시,,200105,민간,수세식,N,N,,N,N,,,2025-07-01,I,2026-05-15 18:43:45,2025-07-02 17:46:25
4671000,202546710000100017,개방화장실,법제3조제16호-영제3조제1항제3호,군산제일요양병원,전북특별자치도 군산시 대학로 183,,0,0,0,0,0,0,0,0,0,군산제일요양병원,,상시,,198606,민간,수세식,N,N,,N,N,,,2025-07-01,I,2026-05-15 18:43:46,2025-07-02 17:46:25
4671000,202546710000100018,개방화장실,법제3조제16호-영제3조제1항제3호,참사랑요양병원,전북특별자치도 군산시 조촌로 21,,0,0,0,0,0,0,0,0,0,참사랑요양병원,,상시,,201410,민간,수세식,N,N,,N,N,,,2025-07-01,I,2026-05-15 18:43:46,2025-07-02 17:46:25
4671000,202546710000100019,개방화장실,법제3조제16호-영제3조제1항제3호,의료법인성곡의료재단군산효자요양병원,전북특별자치도 군산시 청소년회관로 45,,0,0,0,0,0,0,0,0,0,의료법인성곡의료재단군산효자요양병원,,상시,,200806,민간,수세식,N,N,,N,N,,,2025-07-01,I,2026-05-15 18:43:46,2025-07-02 17:46:25
4671000,202546710000100020,개방화장실,법제3조제16호-영제3조제1항제3호,노블한방병원,전북특별자치도 군산시 문화로 77,,0,0,0,0,0,0,0,0,0,노블한방병원,,상시,,201301,민간,수세식,N,N,,N,N,,,2025-07-01,I,2026-05-15 18:43:46,2025-07-02 17:46:25
4671000,202546710000100021,개방화장실,법제3조제16호-영제3조제1항제3호,의료법인 원광의료재단 군산원광효도요양병원,전북특별자치도 군산시 조촌4길 11,,0,0,0,0,0,0,0,0,0,의료법인 원광의료재단 군산원광효도요양병원,,상시,,199710,민간,수세식,N,N,,N,N,,,2025-07-01,I,2026-05-15 18:43:46,2025-07-02 17:46:25
4671000,202546710000100022,개방화장실,법제3조제16호-영제3조제1항제3호,의료법인 유진의료재단 동서병원,전북특별자치도 군산시 백릉로 34,,0,0,0,0,0,0,0,0,0,의료법인 유진의료재단 동서병원,,상시,,198909,민간,수세식,N,N,,N,N,,,2025-07-01,I,2026-05-15 18:43:45,2025-07-02 17:46:25
4671000,202546710000100023,개방화장실,법제3조제16호-영제3조제1항제3호,의료법인 모세의료재단 모세병원,전북특별자치도 군산시 문화로 47,,0,0,0,0,0,0,0,0,0,의료법인 모세의료재단 모세병원,,상시,,200005,민간,수세식,N,N,,N,N,,,2025-07-01,I,2026-05-15 18:43:45,2025-07-02 17:46:25
4671000,202546710000100024,개방화장실,법제3조제16호-영제3조제1항제3호,의료법인 관주의료재단 정다운병원,전북특별자치도 군산시 대학로 236,,0,0,0,0,0,0,0,0,0,의료법인 관주의료재단 정다운병원,,상시,,201506,민간,수세식,N,N,,N,N,,,2025-07-01,I,2026-05-15 18:43:45,2025-07-02 17:46:25
4671000,202546710000100025,개방화장실,법제3조제16호-영제3조제1항제3호,의료법인한빛의료재단행복한요양병원,전북특별자치도 군산시 옥구읍 수산길 71-21,,0,0,0,0,0,0,0,0,0,의료법인한빛의료재단행복한요양병원,,상시,,197001,민간,수세식,N,N,,N,N,,,2025-07-01,I,2026-05-15 18:43:46,2025-07-02 17:46:25
4671000,202546710000100026,개방화장실,법제3조제16호-영제3조제1항제3호,(학교법인 경암학원)봉정요양병원,전북특별자치도 군산시 쌍천로 82-3,,0,0,0,0,0,0,0,0,0,(학교법인 경암학원)봉정요양병원,,상시,,199411,민간,수세식,N,N,,N,N,,,2025-07-01,I,2026-05-15 18:43:46,2025-07-02 17:46:25
4671000,202546710000100027,개방화장실,법제3조제16호-영제3조제1항제3호,의료법인오성의료재단동군산병원,전북특별자치도 군산시 조촌로 149,,0,0,0,0,0,0,0,0,0,의료법인오성의료재단동군산병원,,상시,,199604,민간,수세식,N,N,,N,N,,,2025-07-01,I,2026-05-15 18:43:46,2025-07-02 17:46:25
4671000,202546710000100028,개방화장실,법제3조제16호-영제3조제1항제3호,의료법인구암의료재단군산요양병원,전북특별자치도 군산시 하나운3길 18,,0,0,0,0,0,0,0,0,0,의료법인구암의료재단군산요양병원,,상시,,199907,민간,수세식,N,N,,N,N,,,2025-07-01,I,2026-05-15 18:43:46,2025-07-02 17:46:25
4671000,202546710000100029,개방화장실,법제3조제16호-영제3조제1항제3호,의료법인의인의료재단차병원,전북특별자치도 군산시 수송로 8,,0,0,0,0,0,0,0,0,0,의료법인의인의료재단차병원,,상시,,199901,민간,수세식,N,N,,N,N,,,2025-07-01,I,2026-05-15 18:43:46,2025-07-02 17:46:25
4671000,202546710000100030,개방화장실,법제3조제16호-영제3조제1항제3호,의료법인성하의료재단누가병원,전북특별자치도 군산시 백릉로 70,,0,0,0,0,0,0,0,0,0,의료법인성하의료재단누가병원,,상시,,201202,민간,수세식,N,N,,N,N,,,2025-07-01,I,2026-05-15 18:43:46,2025-07-02 17:46:25
4671000,202546710000100031,개방화장실,법제3조제16호-영제3조제1항제3호,키움병원,전북특별자치도 군산시 궁포안2길 24-0,,0,0,0,0,0,0,0,0,0,키움병원,,상시,,202008,민간,수세식,N,N,,N,N,,,2025-07-01,I,2026-05-15 18:43:46,2025-07-02 17:46:25
4671000,202546710000100032,개방화장실,법제3조제16호-영제3조제1항제3호,은파요양병원,전북특별자치도 군산시 대학로 375-0,,0,0,0,0,0,0,0,0,0,은파요양병원,,상시,,201906,민간,수세식,N,N,,N,N,,,2025-07-01,I,2026-05-15 18:43:45,2025-07-02 17:46:25
4671000,202546710000100157,개방화장실,법제3조제16호-영제3조제1항제1호,한국수산자원공단 서해본부,전북특별자치도 군산시 장미동 해망로 256번지,,5,5,0,0,0,0,2,0,0,서해본부 운영지원팀,,정시,09:00~18:00,245008,공공기관-국가,수세식,N,N,,Y,N,,,2025-07-01,I,2026-05-15 18:43:46,2025-07-02 17:46:26
4671000,202546710000100158,개방화장실,법제3조제16호-영제3조제1항제1호,군산항연안여객터미널대합실 내,전북특별자치도 군산시 임해로 378-8,,28,28,7,8,0,0,44,7,0,군산지방해양수산청 선원해사안전과,,정시,09:00~18:00,244809,공공기관-국가,수세식,N,N,,N,N,,,2025-07-01,I,2026-05-15 18:43:46,2025-07-02 17:46:26
4671000,202546710000100159,개방화장실,법제3조제16호-영제3조제1항제1호,새만금파출소 청사 내 화장실,전북특별자치도 군산시 새만금로 1563-22,,0,0,0,0,0,0,0,0,0,군산해양경찰서새만금파출소,,상시,,245005,공공기관-국가,수세식,N,N,,N,N,,,2025-07-01,I,2026-05-15 18:43:46,2025-07-02 17:46:26
4671000,202546710000100160,개방화장실,법제3조제16호-영제3조제1항제1호,비응파출소 청사 내 화장실,전북특별자치도 군산시 비응남로 74-11,,1,2,0,0,0,0,1,1,0,군산해양경찰서비응파출소,,상시,,245210,공공기관-국가,수세식,N,N,,N,N,,,2025-07-01,I,2026-05-15 18:43:46,2025-07-02 17:46:26
4671000,202546710000100161,개방화장실,법제3조제16호-영제3조제1항제1호,해망파출소 청사 내 화장실,전북특별자치도 군산시 내항2길 111,,1,0,1,0,0,0,1,0,0,군산해양경찰서해망파출소,,상시,,245005,공공기관-국가,수세식,N,N,,N,N,,,2025-07-01,I,2026-05-15 18:43:46,2025-07-02 17:46:26
4671000,202546710000100162,개방화장실,법제3조제16호-영제3조제1항제1호,군산해양경찰서 민원동 화장실,전북특별자치도 군산시 군산창길 21,,23,33,1,0,0,0,16,1,0,군산해양경찰서기획운영과,,상시,,245001,공공기관-국가,수세식,N,N,,N,N,,,2025-07-01,I,2026-05-15 18:43:46,2025-07-02 17:46:26
4671000,202546710000100163,개방화장실,법제3조제16호-영제3조제1항제1호,국립신시도자연휴양림야외화장실,전북특별자치도 군산시 옥도면 신시도길 271,,3,2,1,0,0,0,5,1,0,국립신시도자연휴양림,,상시,,245305,공공기관-국가,수세식,N,Y,장애인화장실,N,N,,,2025-07-01,I,2026-05-15 18:43:46,2025-07-02 17:46:26
4671000,202546710000100164,개방화장실,법제3조제16호-영제3조제1항제1호,커뮤니티센터 화장실,전북특별자치도 군산시 옥도면 신시도길 271,,2,2,1,0,0,0,4,1,0,국립신시도자연휴양림,,정시,09:00~18:00,245305,공공기관-국가,수세식,N,Y,장애인화장실,N,N,,,2025-07-01,I,2026-05-15 18:43:46,2025-07-02 17:46:26
4671000,202546710000100165,개방화장실,법제3조제16호-영제3조제1항제1호,방문자안내센터 화장실,전북특별자치도 군산시 옥도면 신시도길 271,,2,2,1,0,0,0,4,1,0,국립신시도자연휴양림,,정시,09:00~18:00,245305,공공기관-국가,수세식,N,Y,장애인화장실,N,N,,,2025-07-01,I,2026-05-15 18:43:46,2025-07-02 17:46:26
4671000,202546710000100166,개방화장실,법제3조제16호-영제3조제1항제1호,군산지사 1층 화장실,전북특별자치도 군산시 조촌4길 89,,1,2,0,0,0,0,2,0,0,국민건강보험공단군산지사,,정시,09:00~18:00,244512,공공기관-국가,수세식,N,Y,장애인화장실,N,N,,,2025-07-01,I,2026-05-15 18:43:45,2025-07-02 17:46:26
4671000,202546710000100167,개방화장실,법제3조제16호-영제3조제1항제1호,군산출장소 1층,전북특별자치도 군산시 대학로 151-1,,2,1,1,1,0,0,2,1,0,법무부전주출입국·외국인사무소군산출장소,,정시,09:00~18:00,245301,공공기관-국가,수세식,N,Y,장애인화장실,N,Y,남자화장실+여자화장실,,2025-07-01,I,2026-05-15 18:43:46,2025-07-02 17:46:26
4671000,202546710000100168,개방화장실,법제3조제16호-영제3조제1항제1호,1층 화장실,전북특별자치도 군산시 조촌5길 59,,1,2,1,0,0,0,2,0,0,전북지원 군산사무소,,정시,09:00~18:00,244603,공공기관-국가,수세식,N,N,,N,N,,,2025-07-01,I,2026-05-15 18:43:45,2025-07-02 17:46:26
4671000,202546710000100169,개방화장실,법제3조제16호-영제3조제1항제1호,농림축산검역본부 호남지역본부,전북특별자치도 군산시 미장8길7,,2,1,1,1,0,0,3,1,0,농림축산검역본부 호남지역본부,,정시,09:00~18:00,245203,공공기관-국가,수세식,N,N,,Y,Y,남자화장실+여자화장실,,2025-07-01,I,2026-05-15 18:43:45,2025-07-02 17:46:26
4671000,202546710000100170,개방화장실,법제3조제16호-영제3조제1항제1호,군산세관 컨테이너검색센터,전북특별자치도 군산시 서해로 400,,1,2,0,0,0,0,1,0,0,군산세관,,정시,09:00~18:00,244904,공공기관-국가,수세식,N,N,,N,N,,,2025-07-01,I,2026-05-15 18:43:46,2025-07-02 17:46:26
4671000,202546710000100171,개방화장실,법제3조제16호-영제3조제1항제1호,군산세관 주감시소 민원실,전북특별자치도 군산시 서해로 226,,1,2,1,0,0,0,2,0,0,군산세관 주감시소,,정시,09:00~18:00,245008,공공기관-국가,수세식,N,N,,N,N,,,2025-07-01,I,2026-05-15 18:43:46,2025-07-02 17:46:26
4671000,202546710000100172,개방화장실,법제3조제16호-영제3조제1항제1호,군산세관 본관(2층),전북특별자치도 군산시 해망로 244-7,,2,2,0,0,0,0,1,0,0,군산세관,,정시,09:00~18:00,244509,공공기관-국가,수거식,N,N,,N,N,,,2025-07-01,I,2026-05-15 18:43:46,2025-07-02 17:46:26
4671000,202546710000100173,개방화장실,법제3조제16호-영제3조제1항제1호,군산세관 본관(1층),전북특별자치도 군산시 해망로 244-7,,1,3,1,1,0,0,1,1,0,군산세관,,정시,09:00~18:00,244509,공공기관-국가,수거식,N,N,,N,N,,,2025-07-01,I,2026-05-15 18:43:46,2025-07-02 17:46:26
4671000,202546710000100174,개방화장실,법제3조제16호-영제3조제1항제1호,"수송동우체국 1층 장애인화장실,2층 화장실",전북특별자치도 군산시 월명로 211,,1,1,1,0,0,0,3,1,0,군산수송동우체국,,정시,09:00~18:00,245112,공공기관-국가,수세식,N,N,,N,N,,,2025-07-01,I,2026-05-15 18:43:46,2025-07-02 17:46:26
4671000,202546710000100175,개방화장실,법제3조제16호-영제3조제1항제1호,산업단지우체국 1층 화장실,전북특별자치도 군산시 오식도동 624-11 요죽3길 14,,1,1,0,0,0,0,1,0,0,군산산업단지우체국,,정시,09:00~18:00,245008,공공기관-국가,수세식,N,N,,N,N,,,2025-07-01,I,2026-05-15 18:43:46,2025-07-02 17:46:26
4671000,202546710000100176,개방화장실,법제3조제16호-영제3조제1항제1호,옥구우체국 1층 화장실,전북특별자치도 군산시 옥구읍 선제리 92-7 상평로 17,,1,1,0,0,0,0,1,0,0,군산옥구우체국,,정시,09:00~18:00,244806,공공기관-국가,수거식,N,N,,N,N,,,2025-07-01,I,2026-05-15 18:43:45,2025-07-02 17:46:26
4671000,202546710000100177,개방화장실,법제3조제16호-영제3조제1항제1호,지곡동우체국 1층 화장실,전북특별자치도 군산시 지곡동 491-1 백토로 227,,0,0,0,0,0,0,0,0,0,군산지곡동우체국,,정시,09:00~18:00,244701,공공기관-국가,수거식,N,N,,N,N,,,2025-07-01,I,2026-05-15 18:43:45,2025-07-02 17:46:26
4671000,202546710000100178,개방화장실,법제3조제16호-영제3조제1항제1호,소룡동우체국 1층 화장실,전북특별자치도 군산시 소룡동 1525-12 공항로 89,,1,1,0,0,0,0,2,0,0,군산소룡동우체국,,정시,09:00~18:00,244812,공공기관-국가,수거식,N,N,,N,N,,,2025-07-01,I,2026-05-15 18:43:46,2025-07-02 17:46:26
4671000,202546710000100179,개방화장실,법제3조제16호-영제3조제1항제1호,나운2동우체국 1층 화장실,전북특별자치도 군산시 나운동 45-8 백토로 111,,0,0,0,0,0,0,0,0,0,군산나운2동우체국,,정시,09:00~18:00,244603,공공기관-국가,수세식,N,N,,N,N,,,2025-07-01,I,2026-05-15 18:43:46,2025-07-02 17:46:26
4671000,202546710000100180,개방화장실,법제3조제16호-영제3조제1항제1호,조촌동우체국 1층 화장실,전북특별자치도 군산시 조촌동 900-7 조촌로 13,,0,0,0,0,0,0,0,0,0,군산조촌동우체국,,정시,09:00~18:00,244512,공공기관-국가,수세식,N,N,,N,N,,,2025-07-01,I,2026-05-15 18:43:46,2025-07-02 17:46:26
4671000,202546710000100181,개방화장실,법제3조제16호-영제3조제1항제1호,나운동우체국 1층 화장실,전북특별자치도 군산시 나운동 340-18 공단대로 400,,0,0,0,0,0,0,0,0,0,군산나운동우체국,,정시,09:00~18:00,244506,공공기관-국가,수세식,N,N,,N,N,,,2025-07-01,I,2026-05-15 18:43:46,2025-07-02 17:46:26
4671000,202546710000100182,개방화장실,법제3조제16호-영제3조제1항제1호,선유도우체국 1층 화장실,전북특별자치도 군산시 옥도면 선유도리 336 선유북길 69,,1,1,0,0,0,0,1,0,0,군산선유도우체국,,정시,09:00~18:00,245011,공공기관-국가,수세식,N,N,,N,N,,,2025-07-01,I,2026-05-15 18:43:46,2025-07-02 17:46:26
4671000,202546710000100183,개방화장실,법제3조제16호-영제3조제1항제1호,어청도우체국 1층 화장실,전북특별자치도 군산시 옥도면 어청도리 322-21 어청도길 49-2,,0,0,0,0,0,0,0,0,0,군산어청도우체국,,정시,09:00~18:00,244509,공공기관-국가,수세식,N,N,,N,N,,,2025-07-01,I,2026-05-15 18:43:45,2025-07-02 17:46:26
4671000,202546710000100184,개방화장실,법제3조제16호-영제3조제1항제1호,문화동우체국 1층 화장실,전북특별자치도 군산시 문화동 917-3 팔마로 14,,0,0,0,0,0,0,0,0,0,군산문화동우체국,,정시,09:00~18:00,244303,공공기관-국가,수세식,N,N,,N,N,,,2025-07-01,I,2026-05-15 18:43:46,2025-07-02 17:46:26
4671000,202546710000100185,개방화장실,법제3조제16호-영제3조제1항제1호,회현우체국 1층 화장실,전북특별자치도 군산시 회현면 대정리 69-1 대위로 431,,0,0,0,0,0,0,0,0,0,군산회현우체국,,정시,09:00~18:00,244705,공공기관-국가,수세식,N,N,,N,N,,,2025-07-01,I,2026-05-15 18:43:46,2025-07-02 17:46:27
4671000,202546710000100186,개방화장실,법제3조제16호-영제3조제1항제1호,옥서우체국 1층 화장실,전북특별자치도 군산시 옥서면 옥봉리 65-5 원성산1길 28,,1,1,0,0,0,0,1,0,0,군산옥서우체국,,정시,09:00~18:00,244809,공공기관-국가,수세식,N,N,,N,N,,,2025-07-01,I,2026-05-15 18:43:46,2025-07-02 17:46:27
4671000,202546710000100187,개방화장실,법제3조제16호-영제3조제1항제1호,임피우체국 1층 화장실,전북특별자치도 군산시 임피면 읍내리 224-7 동군산로 683,,1,1,0,0,0,0,1,0,0,군산임피우체국,,정시,09:00~18:00,244708,공공기관-국가,수세식,N,N,,N,N,,,2025-07-01,I,2026-05-15 18:43:46,2025-07-02 17:46:27
4671000,202546710000100188,개방화장실,법제3조제16호-영제3조제1항제1호,경암동우체국 1층 화장실,전북특별자치도 군산시 경암동 612-11 해망로 38,,1,1,0,0,0,0,1,0,0,군산경암동우체국,,정시,09:00~18:00,244701,공공기관-국가,수거식,N,N,,N,N,,,2025-07-01,I,2026-05-15 18:43:45,2025-07-02 17:46:27
4671000,202546710000100189,개방화장실,법제3조제16호-영제3조제1항제1호,대야우체국 1층 정문화장실,전북특별자치도 군산시 대야면 지경리 766-15 번영로 883,,2,2,0,0,0,0,2,0,0,군산대야우체국,,정시,09:00~18:00,245001,공공기관-국가,수세식,N,N,,N,N,,,2025-07-01,I,2026-05-15 18:43:46,2025-07-02 17:46:27
4671000,202546710000100190,개방화장실,법제3조제16호-영제3조제1항제1호,군산우체국 1층 화장실,전북특별자치도 군산시 우체통거리1길 46-1,,2,4,0,0,0,0,3,0,0,군산우체국지원과,,정시,09:00~18:00,244512,공공기관-국가,수세식,N,N,,N,N,,,2025-07-01,I,2026-05-15 18:43:45,2025-07-02 17:46:27
4671000,202546710000100191,개방화장실,법제3조제16호-영제3조제1항제1호,군산경찰서 개방화장실,전북특별자치도 군산시 구암3.1로 82,,1,1,1,0,0,0,1,1,0,군산경찰서 경무계,,정시,09:00~18:00,244509,공공기관-국가,수세식,N,Y,장애인화장실,Y,Y,남자화장실+여자화장실,,2025-07-01,I,2026-05-15 18:43:45,2025-07-02 17:46:27
4671000,202546710000100192,개방화장실,법제3조제16호-영제3조제1항제2호,동우아트홀 공연장,전북특별자치도 군산시 내항1길 4,,0,0,0,0,0,0,0,0,0,동우아트홀 공연장,,상시,,245210,민간,수세식,N,N,,N,N,,,2025-07-01,I,2026-05-15 18:43:46,2025-07-02 17:46:27
4671000,202546710000100193,개방화장실,법제3조제16호-영제3조제1항제2호,극단사람세상소극장,전북특별자치도 군산시 신설로 5,,0,0,0,0,0,0,0,0,0,극단사람세상소극장,,상시,,245112,민간,수세식,N,N,,N,N,,,2025-07-01,I,2026-05-15 18:43:46,2025-07-02 17:46:27
4671000,202546710000100194,개방화장실,법제3조제16호-영제3조제1항제2호,군산시민예술촌,전북특별자치도 군산시 개복동 8-1,,0,0,0,0,0,0,0,0,0,군산시청,,상시,,245207,공공기관-지방자치단체,수세식,N,N,,N,N,,,2025-07-01,I,2026-05-15 18:43:46,2025-07-02 17:46:27
4671000,202546710000100195,개방화장실,법제3조제16호-영제3조제1항제2호,장미공연장,전북특별자치도 군산시 내항1길 57,,0,0,0,0,0,0,0,0,0,군산시청,,상시,,245112,공공기관-지방자치단체,수세식,N,N,,N,N,,,2025-07-01,I,2026-05-15 18:43:46,2025-07-02 17:46:27
4671000,202546710000100196,개방화장실,법제3조제16호-영제3조제1항제2호,군산청소년수련관,전북특별자치도 군산시  청소년회관로 75,,0,0,0,0,0,0,0,0,0,군산시청,,상시,,244802,공공기관-지방자치단체,수세식,N,N,,N,N,,,2025-07-01,I,2026-05-15 18:43:45,2025-07-02 17:46:27
4671000,202546710000100197,개방화장실,법제3조제16호-영제3조제1항제2호,군산어린이공연장,전북특별자치도 군산시 대학로 330,,0,0,0,0,0,0,0,0,0,군산시청,,상시,,245112,공공기관-지방자치단체,수세식,N,N,,N,N,,,2025-07-01,I,2026-05-15 18:43:46,2025-07-02 17:46:27
4671000,202546710000100198,개방화장실,법제3조제16호-영제3조제1항제2호,군산예술의전당(대공연장),전북특별자치도 군산시 백토로 203,,0,0,0,0,0,0,0,0,0,군산시청,,상시,,245102,공공기관-지방자치단체,수세식,N,N,,N,N,,,2025-07-01,I,2026-05-15 18:43:46,2025-07-02 17:46:27
4671000,202546710000100199,개방화장실,법제3조제16호-영제3조제1항제2호,군산예술의전당(소공연장),전북특별자치도 군산시 백토로 203,,0,0,0,0,0,0,0,0,0,군산시청,,상시,,245102,공공기관-지방자치단체,수세식,N,N,,N,N,,,2025-07-01,I,2026-05-15 18:43:46,2025-07-02 17:46:27
4671000,202546710000100200,개방화장실,법제3조제16호-영제3조제1항제2호,시민문화회관,전북특별자치도 군산시 대학로 308,,0,0,0,0,0,0,0,0,0,군산시청,,상시,,244701,공공기관-지방자치단체,수세식,N,N,,N,N,,,2025-07-01,I,2026-05-15 18:43:46,2025-07-02 17:46:27
4671000,202546710000100201,공중화장실,법제3조제13호,군봉배수지 축구장,,전북특별자치도 군산시 조촌동 산59-17,2,4,1,0,0,0,4,1,0,군산시청,0634545574,상시,,244903,공공기관-지방자치단체,수세식,N,Y,여자화장실,N,N,,,2025-07-01,I,2026-05-15 18:43:46,2025-07-02 17:46:27
4671000,202546710000100202,개방화장실,법제3조제12호,군산ICLPG충전소,전북특별자치도 군산시 성산면 군익로 111,,0,0,0,0,0,0,0,0,0,GS칼텍스,0634535185,상시,,200612,민간,수세식,N,N,,N,N,,,2025-07-01,I,2026-05-15 18:43:46,2025-07-02 17:46:27
4671000,202546710000100203,개방화장실,법제3조제12호,SK행복충전 새군산충전소,전북특별자치도 군산시 공단대로 101,,0,0,0,0,0,0,0,0,0,SK가스,0634510831,상시,,200012,민간,수세식,N,N,,N,N,,,2025-07-01,I,2026-05-15 18:43:46,2025-07-02 17:46:27
4671000,202546710000100204,개방화장실,법제3조제12호,직영충전소,전북특별자치도 군산시 옥산면 옥산로 154,,0,0,0,0,0,0,0,0,0,S-OIL,0634715144,상시,,201404,민간,수세식,N,N,,N,N,,,2025-07-01,I,2026-05-15 18:43:46,2025-07-02 17:46:27
4671000,202546710000100205,개방화장실,법제3조제12호,군산무안주유소/충전소,전북특별자치도 군산시 서해안고속도로 141,,0,0,0,0,0,0,0,0,0,현대오일뱅크,0634535763,상시,,200303,민간,수세식,N,N,,N,N,,,2025-07-01,I,2026-05-15 18:43:45,2025-07-02 17:46:27
4671000,202546710000100206,개방화장실,법제3조제12호,군산(서울)충전소주유소,전북특별자치도 군산시 군산시 서해안고속도로 148,,0,0,0,0,0,0,0,0,0,현대오일뱅크,0634535163,상시,,200212,민간,수세식,N,N,,N,N,,,2025-07-01,I,2026-05-15 18:43:46,2025-07-02 17:46:27
4671000,202546710000100207,개방화장실,법제3조제12호,한양에너지LPG충전소,전북특별자치도 군산시 공항로 141,,0,0,0,0,0,0,0,0,0,E1,0634646828,상시,,200702,민간,수세식,N,N,,N,N,,,2025-07-01,I,2026-05-15 18:43:46,2025-07-02 17:46:27
4671000,202546710000100208,개방화장실,법제3조제12호,한신가스,전북특별자치도 군산시 조촌로 167,,0,0,0,0,0,0,0,0,0,E1,0634454751,상시,,198305,민간,수세식,N,N,,N,N,,,2025-07-01,I,2026-05-15 18:43:45,2025-07-02 17:46:27
4671000,202546710000100209,개방화장실,법제3조제12호,SK행복충전 금강엘피지충전소,전북특별자치도 군산시 개정면 구암로 224,,0,0,0,0,0,0,0,0,0,SK가스,0634532020,상시,,200309,민간,수세식,N,N,,N,N,,,2025-07-01,I,2026-05-15 18:43:46,2025-07-02 17:46:27
4671000,202546710000100210,개방화장실,법제3조제12호,국제충전소,전북특별자치도 군산시 공단대로 393,,0,0,0,0,0,0,0,0,0,GS칼텍스,0634627755,상시,,198212,민간,수세식,N,N,,N,N,,,2025-07-01,I,2026-05-15 18:43:45,2025-07-02 17:46:27
4671000,202546710000100211,개방화장실,법제3조제12호,SK행복충전 군산충전소,전북특별자치도 군산시 구암3.1로 198,,0,0,0,0,0,0,0,0,0,SK가스,0634432111,상시,,198905,민간,수세식,N,N,,N,N,,,2025-07-01,I,2026-05-15 18:43:46,2025-07-02 17:46:27
4671000,202546710000100212,개방화장실,법제3조제12호,군산공단충전소,전북특별자치도 군산시 외항로 55,,0,0,0,0,0,0,0,0,0,GS칼텍스,0634688161,상시,,200104,민간,수세식,N,N,,N,N,,,2025-07-01,I,2026-05-15 18:43:46,2025-07-02 17:46:27
4671000,202546710000100213,개방화장실,법제3조제12호,SK행복충전 동일충전소,전북특별자치도 군산시 외항1길 32-1,,0,0,0,0,0,0,0,0,0,SK가스,0634626161,상시,,198106,민간,수세식,N,N,,N,N,,,2025-07-01,I,2026-05-15 18:43:46,2025-07-02 17:46:27
4671000,202546710000100214,개방화장실,법제3조제12호,SK행복충전 새만금군산충전소,전북특별자치도 군산시 새만금북로 519,,0,0,0,0,0,0,0,0,0,SK가스,0634636364,상시,,201007,민간,수세식,N,N,,N,N,,,2025-07-01,I,2026-05-15 18:43:45,2025-07-02 17:46:27
4671000,202546710000100215,개방화장실,법제3조제12호,연안충전소,전북특별자치도 군산시 강변로 246,,0,0,0,0,0,0,0,0,0,E1,0634465115,상시,,200803,민간,수세식,N,N,,N,N,,,2025-07-01,I,2026-05-15 18:43:46,2025-07-02 17:46:27
4671000,202546710000100216,개방화장실,법제3조제12호,새만금충전소,전북특별자치도 군산시 월명로 112,,0,0,0,0,0,0,0,0,0,E1,0634672002,상시,,202208,민간,수세식,N,N,,N,N,,,2025-07-01,I,2026-05-15 18:43:46,2025-07-02 17:46:27
4671000,202546710000100217,개방화장실,법제3조제12호,(유)가스온,전북특별자치도 군산시 번영로 392,,0,0,0,0,0,0,0,0,0,(유)가스온,0634687000,상시,,200012,민간,수세식,N,N,,N,N,,,2025-07-01,I,2026-05-15 18:43:45,2025-07-02 17:46:27
4671000,202546710000100218,개방화장실,법제3조제11호,유한회사 디에스(DS),전북특별자치도 군산시 외항로 259,,0,0,0,0,0,0,0,0,0,GS칼텍스,07040474565,상시,,202312,민간,수세식,N,N,,N,N,,,2025-07-01,I,2026-05-15 18:43:46,2025-07-02 17:46:27
4671000,202546710000100219,개방화장실,법제3조제11호,군산현대주유소,전북특별자치도 군산시 해망로 127,,0,0,0,0,0,0,0,0,0,SK에너지,0634433600,상시,,201710,민간,수세식,N,N,,N,N,,,2025-07-01,I,2026-05-15 18:43:46,2025-07-02 17:46:27
4671000,202546710000100220,개방화장실,법제3조제11호,군산항주유소,전북특별자치도 군산시 미성로 104,,0,0,0,0,0,0,0,0,0,SK에너지,0634715199,상시,,201702,민간,수세식,N,N,,N,N,,,2025-07-01,I,2026-05-15 18:43:46,2025-07-02 17:46:27
4671000,202546710000100221,개방화장실,법제3조제11호,(유)로또에너지,전북특별자치도 군산시 외항로 223,,0,0,0,0,0,0,0,0,0,S-OIL,0634718300,상시,,201607,민간,수세식,N,N,,N,N,,,2025-07-01,I,2026-05-15 18:43:46,2025-07-02 17:46:27
4671000,202546710000100222,개방화장실,법제3조제11호,롯데주유소,전북특별자치도 군산시 공항로 579,,0,0,0,0,0,0,0,0,0,현대오일뱅크,0634642525,상시,,200806,민간,수세식,N,N,,N,N,,,2025-07-01,I,2026-05-15 18:43:46,2025-07-02 17:46:27
4671000,202546710000100223,개방화장실,법제3조제11호,동양주유소,전북특별자치도 군산시 임피면 동군산로 843,,0,0,0,0,0,0,0,0,0,현대오일뱅크,0634535148,상시,,201308,민간,수세식,N,N,,N,N,,,2025-07-01,I,2026-05-15 18:43:46,2025-07-02 17:46:27
4671000,202546710000100224,개방화장실,법제3조제11호,호원대입구주유소,전북특별자치도 군산시 대야면 번영로 1238,,0,0,0,0,0,0,0,0,0,현대오일뱅크,0634516359,상시,,199701,민간,수세식,N,N,,N,N,,,2025-07-01,I,2026-05-15 18:43:46,2025-07-02 17:46:27
4671000,202546710000100225,개방화장실,법제3조제11호,서진주유소,전북특별자치도 군산시 성산면 철새로 52,,0,0,0,0,0,0,0,0,0,S-OIL,0634539900,상시,,198808,민간,수세식,N,N,,N,N,,,2025-07-01,I,2026-05-15 18:43:46,2025-07-02 17:46:27
4671000,202546710000100226,개방화장실,법제3조제11호,서원주유소,전북특별자치도 군산시 옥녀로 18,,0,0,0,0,0,0,0,0,0,S-OIL,0634675157,상시,,200903,민간,수세식,N,N,,N,N,,,2025-07-01,I,2026-05-15 18:43:46,2025-07-02 17:46:27
4671000,202546710000100227,개방화장실,법제3조제11호,마룡주유소,전북특별자치도 군산시 서수면 동군산로 1118,,0,0,0,0,0,0,0,0,0,GS칼텍스,0634511112,상시,,198901,민간,수세식,N,N,,N,N,,,2025-07-01,I,2026-05-15 18:43:46,2025-07-02 17:46:27
4671000,202546710000100228,개방화장실,법제3조제11호,HD현대오일뱅크㈜직영 월드컵주유소,전북특별자치도 군산시 번영로 68,,0,0,0,0,0,0,0,0,0,현대오일뱅크,0634451336,상시,,199610,민간,수세식,N,N,,N,N,,,2025-07-01,I,2026-05-15 18:43:46,2025-07-02 17:46:27
4671000,202546710000100229,개방화장실,법제3조제11호,공단주유소,전북특별자치도 군산시 외항6길 6,,0,0,0,0,0,0,0,0,0,S-OIL,0634675685,상시,,,민간,수세식,N,N,,N,N,,,2025-07-01,I,2026-05-15 18:43:46,2025-07-02 17:46:27
4671000,202546710000100230,개방화장실,법제3조제11호,세신셀프주유소,전북특별자치도 군산시 옥녀로 36,,0,0,0,0,0,0,0,0,0,GS칼텍스,0634635106,상시,,201212,민간,수세식,N,N,,N,N,,,2025-07-01,I,2026-05-15 18:43:45,2025-07-02 17:46:27
4671000,202546710000100231,개방화장실,법제3조제11호,군산무안주유소/충전소,전북특별자치도 군산시 서해안고속도로 141,,0,0,0,0,0,0,0,0,0,알뜰(ex),0634535763,상시,,200112,민간,수세식,N,N,,N,N,,,2025-07-01,I,2026-05-15 18:43:45,2025-07-02 17:46:27
4671000,202546710000100232,개방화장실,법제3조제11호,군산(서울)충전소주유소,전북특별자치도 군산시 군산시 서해안고속도로 148,,0,0,0,0,0,0,0,0,0,알뜰(ex),0634535163,상시,,200112,민간,수세식,N,N,,N,N,,,2025-07-01,I,2026-05-15 18:43:45,2025-07-02 17:46:27
4671000,202546710000100233,개방화장실,법제3조제11호,sj오일(주)신대륙주유소,전북특별자치도 군산시 자유무역로 4,,0,0,0,0,0,0,0,0,0,GS칼텍스,0634675600,상시,,200811,민간,수세식,N,N,,N,N,,,2025-07-01,I,2026-05-15 18:43:46,2025-07-02 17:46:27
4671000,202546710000100234,개방화장실,법제3조제11호,군산사랑주유소,전북특별자치도 군산시 월명로 315,,0,0,0,0,0,0,0,0,0,SK에너지,0634626717,상시,,199612,민간,수세식,N,N,,N,N,,,2025-07-01,I,2026-05-15 18:43:46,2025-07-02 17:46:27
4671000,202546710000100235,개방화장실,법제3조제11호,은파주유소,전북특별자치도 군산시 대학로 426,,0,0,0,0,0,0,0,0,0,SK에너지,0634685147,상시,,199805,민간,수세식,N,N,,N,N,,,2025-07-01,I,2026-05-15 18:43:46,2025-07-02 17:46:27
4671000,202546710000100236,개방화장실,법제3조제11호,HD현대오일뱅크㈜직영 희망등대주유소,전북특별자치도 군산시 번영로 202,,0,0,0,0,0,0,0,0,0,현대오일뱅크,0634520930,상시,,201406,민간,수세식,N,N,,N,N,,,2025-07-01,I,2026-05-15 18:43:46,2025-07-02 17:46:27
4671000,202546710000100237,개방화장실,법제3조제11호,대야농협주유소,전북특별자치도 군산시 대야면 번영로 916,,0,0,0,0,0,0,0,0,0,NH-OIL,0634511992,상시,,201406,민간,수세식,N,N,,N,N,,,2025-07-01,I,2026-05-15 18:43:46,2025-07-02 17:46:27
4671000,202546710000100238,개방화장실,법제3조제11호,신협햇살주유소,전북특별자치도 군산시 외항로 565,,0,0,0,0,0,0,0,0,0,SK에너지,0634684455,상시,,199711,민간,수세식,N,N,,N,N,,,2025-07-01,I,2026-05-15 18:43:45,2025-07-02 17:46:27
4671000,202546710000100239,개방화장실,법제3조제11호,동군산농협나포주유소,전북특별자치도 군산시 나포면 십자들로 622,,0,0,0,0,0,0,0,0,0,NH-OIL,0634538043,상시,,199709,민간,수세식,N,N,,N,N,,,2025-07-01,I,2026-05-15 18:43:46,2025-07-02 17:46:27
4671000,202546710000100240,개방화장실,법제3조제11호,옥산농협주유소,전북특별자치도 군산시 옥산면 산성로 222,,0,0,0,0,0,0,0,0,0,NH-OIL,0634647473,상시,,200704,민간,수세식,N,N,,N,N,,,2025-07-01,I,2026-05-15 18:43:45,2025-07-02 17:46:27
4671000,202546710000100241,개방화장실,법제3조제11호,서군산농협주유소,전북특별자치도 군산시 문창2길 1,,0,0,0,0,0,0,0,0,0,NH-OIL,0634600530,상시,,202306,민간,수세식,N,N,,N,N,,,2025-07-01,I,2026-05-15 18:43:45,2025-07-02 17:46:27
4671000,202546710000100242,개방화장실,법제3조제11호,옥구농협주유소,전북특별자치도 군산시 옥구읍 옥구로 39,,0,0,0,0,0,0,0,0,0,NH-OIL,0634648819,상시,,201410,민간,수세식,N,N,,N,N,,,2025-07-01,I,2026-05-15 18:43:46,2025-07-02 17:46:27
4671000,202546710000100243,개방화장실,법제3조제11호,직영주유소,전북특별자치도 군산시 옥산면 옥산로 154,,0,0,0,0,0,0,0,0,0,S-OIL,0634715144,상시,,201404,민간,수세식,N,N,,N,N,,,2025-07-01,I,2026-05-15 18:43:45,2025-07-02 17:46:27
4671000,202546710000100244,개방화장실,법제3조제11호,(유)한결,전북특별자치도 군산시 외항로 163,,0,0,0,0,0,0,0,0,0,GS칼텍스,0634656464,상시,,199112,민간,수세식,N,N,,N,N,,,2025-07-01,I,2026-05-15 18:43:45,2025-07-02 17:46:27
4671000,202546710000100245,개방화장실,법제3조제11호,만땅주유소(주),전북특별자치도 군산시 해망로 671,,0,0,0,0,0,0,0,0,0,SK에너지,0634685188,상시,,200810,민간,수세식,N,N,,N,N,,,2025-07-01,I,2026-05-15 18:43:45,2025-07-02 17:46:27
4671000,202546710000100246,개방화장실,법제3조제11호,비행장주유소,전북특별자치도 군산시 공항로 476,,0,0,0,0,0,0,0,0,0,S-OIL,0634675137,상시,,200807,민간,수세식,N,N,,N,N,,,2025-07-01,I,2026-05-15 18:43:45,2025-07-02 17:46:27
4671000,202546710000100247,개방화장실,법제3조제11호,(유)용명에너지 신흥주유소,전북특별자치도 군산시 월명로 408,,0,0,0,0,0,0,0,0,0,현대오일뱅크,0634465144,상시,,199803,민간,수세식,N,N,,N,N,,,2025-07-01,I,2026-05-15 18:43:45,2025-07-02 17:46:27
4671000,202546710000100248,개방화장실,법제3조제11호,(유)푸른들주유소,전북특별자치도 군산시 공항로 300,,0,0,0,0,0,0,0,0,0,알뜰주유소,0634655131,상시,,200311,민간,수세식,N,N,,N,N,,,2025-07-01,I,2026-05-15 18:43:46,2025-07-02 17:46:27
4671000,202546710000100249,개방화장실,법제3조제11호,(유)희망에너지,전북특별자치도 군산시 옥녀로 102,,0,0,0,0,0,0,0,0,0,현대오일뱅크,0634615140,상시,,200807,민간,수세식,N,N,,N,N,,,2025-07-01,I,2026-05-15 18:43:46,2025-07-02 17:46:27
4671000,202546710000100250,개방화장실,법제3조제11호,대박self주유소,전북특별자치도 군산시 옥산면 월명로 81,,0,0,0,0,0,0,0,0,0,SK에너지,0634644648,상시,,200605,민간,수세식,N,N,,N,N,,,2025-07-01,I,2026-05-15 18:43:46,2025-07-02 17:46:27
4671000,202546710000100251,개방화장실,법제3조제11호,(유)리조트주유소,전북특별자치도 군산시 옥산면 옥산로 157,,0,0,0,0,0,0,0,0,0,S-OIL,0634645145,상시,,200307,민간,수세식,N,N,,N,N,,,2025-07-01,I,2026-05-15 18:43:45,2025-07-02 17:46:27
4671000,202546710000100252,개방화장실,법제3조제11호,군산IC주유소,전북특별자치도 군산시 성산면 군익로 111,,0,0,0,0,0,0,0,0,0,GS칼텍스,0634535184,상시,,200612,민간,수세식,N,N,,N,N,,,2025-07-01,I,2026-05-15 18:43:46,2025-07-02 17:46:27
4671000,202546710000100253,개방화장실,법제3조제11호,(유)외항주유소,전북특별자치도 군산시 외항로 269,,0,0,0,0,0,0,0,0,0,SK에너지,0634528506,상시,,200205,민간,수세식,N,N,,N,N,,,2025-07-01,I,2026-05-15 18:43:45,2025-07-02 17:46:27
4671000,202546710000100254,개방화장실,법제3조제11호,스카이주유소,전북특별자치도 군산시 외항로 195,,0,0,0,0,0,0,0,0,0,현대오일뱅크,0634685189,상시,,199801,민간,수세식,N,N,,N,N,,,2025-07-01,I,2026-05-15 18:43:46,2025-07-02 17:46:27
4671000,202546710000100255,개방화장실,법제3조제11호,은성주유소,전북특별자치도 군산시 성산면 동군산로 93,,0,0,0,0,0,0,0,0,0,현대오일뱅크,0634539111,상시,,199008,민간,수세식,N,N,,N,N,,,2025-07-01,I,2026-05-15 18:43:45,2025-07-02 17:46:27
4671000,202546710000100256,개방화장실,법제3조제11호,임피주유소,전북특별자치도 군산시 임피면 서원석곡로 592,,0,0,0,0,0,0,0,0,0,GS칼텍스,0634537777,상시,,199009,민간,수세식,N,N,,N,N,,,2025-07-01,I,2026-05-15 18:43:45,2025-07-02 17:46:27
4671000,202546710000100257,개방화장실,법제3조제11호,샛별주유소,전북특별자치도 군산시 대야면 번영로 1321,,0,0,0,0,0,0,0,0,0,GS칼텍스,0634512333,상시,,197401,민간,수세식,N,N,,N,N,,,2025-07-01,I,2026-05-15 18:43:46,2025-07-02 17:46:27
4671000,202546710000100258,개방화장실,법제3조제11호,(유)월명주유소,전북특별자치도 군산시 해망로 517,,0,0,0,0,0,0,0,0,0,알뜰주유소,0634652535,상시,,197406,민간,수세식,N,N,,N,N,,,2025-07-01,I,2026-05-15 18:43:46,2025-07-02 17:46:27
4671000,202546710000100259,개방화장실,법제3조제11호,산북주유소,전북특별자치도 군산시 외항로 131,,0,0,0,0,0,0,0,0,0,현대오일뱅크,0634651721,상시,,199701,민간,수세식,N,N,,N,N,,,2025-07-01,I,2026-05-15 18:43:46,2025-07-02 17:46:27
4671000,202546710000100260,개방화장실,법제3조제11호,성진주유소(군산),전북특별자치도 군산시 개정면 번영로 846,,0,0,0,0,0,0,0,0,0,GS칼텍스,0634513151,상시,,199705,민간,수세식,N,N,,N,N,,,2025-07-01,I,2026-05-15 18:43:46,2025-07-02 17:46:27
4671000,202546710000100261,개방화장실,법제3조제11호,바른길주유소,전북특별자치도 군산시 미성로 458,,0,0,0,0,0,0,0,0,0,SK에너지,0634524257,상시,,200903,민간,수세식,N,N,,N,N,,,2025-07-01,I,2026-05-15 18:43:45,2025-07-02 17:46:27
4671000,202546710000100262,개방화장실,법제3조제11호,남군산주유소,전북특별자치도 군산시 옥구읍 상평로 16,,0,0,0,0,0,0,0,0,0,SK에너지,0634424158,상시,,199109,민간,수세식,N,N,,N,N,,,2025-07-01,I,2026-05-15 18:43:45,2025-07-02 17:46:27
4671000,202546710000100263,개방화장실,법제3조제11호,시청주유소,전북특별자치도 군산시 번영로 167,,0,0,0,0,0,0,0,0,0,현대오일뱅크,0634510907,상시,,200805,민간,수세식,N,N,,N,N,,,2025-07-01,I,2026-05-15 18:43:45,2025-07-02 17:46:27
4671000,202546710000100264,개방화장실,법제3조제11호,SJ오일(주) 스마일주유소,전북특별자치도 군산시 공단대로 284,,0,0,0,0,0,0,0,0,0,GS칼텍스,0634611411,상시,,201312,민간,수세식,N,N,,N,N,,,2025-07-01,I,2026-05-15 18:43:46,2025-07-02 17:46:27
4671000,202546710000100265,개방화장실,법제3조제11호,착한7주유소,전북특별자치도 군산시 공단대로 567,,0,0,0,0,0,0,0,0,0,자가상표,0634625155,상시,,199612,민간,수세식,N,N,,N,N,,,2025-07-01,I,2026-05-15 18:43:46,2025-07-02 17:46:27
4671000,202546710000100266,개방화장실,법제3조제11호,지에스칼텍스(주)오아시스주유소,전북특별자치도 군산시 동장산로 150,,0,0,0,0,0,0,0,0,0,GS칼텍스,0634685151,상시,,199702,민간,수세식,N,N,,N,N,,,2025-07-01,I,2026-05-15 18:43:45,2025-07-02 17:46:27
4671000,202546710000100267,개방화장실,법제3조제11호,동경주유소,전북특별자치도 군산시 옥서면 공항로 702,,0,0,0,0,0,0,0,0,0,S-OIL,0634614656,상시,,201408,민간,수세식,N,N,,N,N,,,2025-07-01,I,2026-05-15 18:43:46,2025-07-02 17:46:27
4671000,202546710000100268,개방화장실,법제3조제11호,서울주유소,전북특별자치도 군산시 서수면 동군산로 984,,0,0,0,0,0,0,0,0,0,SK에너지,0634532600,상시,,199401,민간,수세식,N,N,,N,N,,,2025-07-01,I,2026-05-15 18:43:46,2025-07-02 17:46:27
4671000,202546710000100269,개방화장실,법제3조제11호,스마트셀프주유소,전북특별자치도 군산시 옥산로 16,,0,0,0,0,0,0,0,0,0,SK에너지,0634510051,상시,,201302,민간,수세식,N,N,,N,N,,,2025-07-01,I,2026-05-15 18:43:46,2025-07-02 17:46:27
4671000,202546710000100270,개방화장실,법제3조제11호,지에스칼텍스(주)해와달주유소,전북특별자치도 군산시  대학로 382,,0,0,0,0,0,0,0,0,0,GS칼텍스,0634676669,상시,,199703,민간,수세식,N,N,,N,N,,,2025-07-01,I,2026-05-15 18:43:46,2025-07-02 17:46:27
4671000,202546710000100271,개방화장실,법제3조제11호,태성주유소,전북특별자치도 군산시 성산면 십자들로 189,,0,0,0,0,0,0,0,0,0,알뜰주유소,0634452600,상시,,199212,민간,수세식,N,N,,N,N,,,2025-07-01,I,2026-05-15 18:43:45,2025-07-02 17:46:27
4671000,202546710000100272,개방화장실,법제3조제11호,행복날개주유소,전북특별자치도 군산시 장미2길27,,0,0,0,0,0,0,0,0,0,SK에너지,0634458190,상시,,,민간,수세식,N,N,,N,N,,,2025-07-01,I,2026-05-15 18:43:45,2025-07-02 17:46:27
4671000,202546710000100273,개방화장실,법제3조제11호,서수주유소,전북특별자치도 군산시 항쟁로 177,,0,0,0,0,0,0,0,0,0,SK에너지,0634539800,상시,,199012,민간,수세식,N,N,,N,N,,,2025-07-01,I,2026-05-15 18:43:45,2025-07-02 17:46:27
4671000,202546710000100274,개방화장실,법제3조제11호,한사랑주유소,전북특별자치도 군산시  공항로 368,,0,0,0,0,0,0,0,0,0,SK에너지,0634655109,상시,,199407,민간,수세식,N,N,,N,N,,,2025-07-01,I,2026-05-15 18:43:45,2025-07-02 17:46:27
4671000,202546710000100275,개방화장실,법제3조제11호,하늘주유소,전북특별자치도 군산시 서수면 함안로 431,,0,0,0,0,0,0,0,0,0,S-OIL,0634518999,상시,,200903,민간,수세식,N,N,,N,N,,,2025-07-01,I,2026-05-15 18:43:46,2025-07-02 17:46:27
4671000,202546710000100276,개방화장실,법제3조제11호,마트24주유소,전북특별자치도 군산시 진포로 201,,0,0,0,0,0,0,0,0,0,SK에너지,,상시,,199701,민간,수세식,N,N,,N,N,,,2025-07-01,I,2026-05-15 18:43:46,2025-07-02 17:46:27
4671000,202546710000100277,개방화장실,법제3조제11호,기쁨가득주유소,전북특별자치도 군산시 월명로 115,,0,0,0,0,0,0,0,0,0,S-OIL,0634655185,상시,,200711,민간,수세식,N,N,,N,N,,,2025-07-01,I,2026-05-15 18:43:45,2025-07-02 17:46:27
4671000,202546710000100278,개방화장실,법제3조제11호,한마음주유소,전북특별자치도 군산시 개정면 구암로 234,,0,0,0,0,0,0,0,0,0,SK에너지,0634538811,상시,,201411,민간,수세식,N,N,,N,N,,,2025-07-01,I,2026-05-15 18:43:46,2025-07-02 17:46:27
4671000,202546710000100279,개방화장실,법제3조제11호,그린주유소,전북특별자치도 군산시 개정면 번영로 692,,0,0,0,0,0,0,0,0,0,GS칼텍스,0634526344,상시,,199512,민간,수세식,N,N,,N,N,,,2025-07-01,I,2026-05-15 18:43:45,2025-07-02 17:46:27
4671000,202546710000100280,개방화장실,법제3조제11호,삼성주유소,전북특별자치도 군산시 공항로 262-1,,0,0,0,0,0,0,0,0,0,SK에너지,0634665142,상시,,200603,민간,수세식,N,N,,N,N,,,2025-07-01,I,2026-05-15 18:43:46,2025-07-02 17:46:27
4671000,202546710000100281,개방화장실,법제3조제11호,형제주유소,전북특별자치도 군산시 강변로 204,,0,0,0,0,0,0,0,0,0,현대오일뱅크,0634454002,상시,,200004,민간,수세식,N,N,,N,N,,,2025-07-01,I,2026-05-15 18:43:45,2025-07-02 17:46:27
4671000,202546710000100282,개방화장실,법제3조제11호,싼7주유소,전북특별자치도 군산시 외항로 111,,0,0,0,0,0,0,0,0,0,현대오일뱅크,0634683338,상시,,199501,민간,수세식,N,N,,N,N,,,2025-07-01,I,2026-05-15 18:43:46,2025-07-02 17:46:27
4671000,202546710000100283,개방화장실,법제3조제11호,풍년주유소,전북특별자치도 군산시 임피면 항쟁로 46,,0,0,0,0,0,0,0,0,0,S-OIL,0634537171,상시,,200002,민간,수세식,N,N,,N,N,,,2025-07-01,I,2026-05-15 18:43:46,2025-07-02 17:46:27
4671000,202546710000100284,개방화장실,법제3조제11호,삼거리주유소,전북특별자치도 군산시 옥서면 옥구저수지로 216,,0,0,0,0,0,0,0,0,0,현대오일뱅크,0634719088,상시,,,민간,수세식,N,N,,N,N,,,2025-07-01,I,2026-05-15 18:43:45,2025-07-02 17:46:27
4671000,202546710000100285,개방화장실,법제3조제11호,서광주유소,전북특별자치도 군산시 구암로 158,,0,0,0,0,0,0,0,0,0,현대오일뱅크,0634425151,상시,,199312,민간,수세식,N,N,,N,N,,,2025-07-01,I,2026-05-15 18:43:46,2025-07-02 17:46:27
4671000,202546710000100286,개방화장실,법제3조제11호,흥남주유소,전북특별자치도 군산시 팔마로 104,,0,0,0,0,0,0,0,0,0,S-OIL,0634625180,상시,,199609,민간,수세식,N,N,,N,N,,,2025-07-01,I,2026-05-15 18:43:46,2025-07-02 17:46:27
4671000,202546710000100287,개방화장실,법제3조제11호,동진주유소,전북특별자치도 군산시 미원로 57,,0,0,0,0,0,0,0,0,0,GS칼텍스,0634685133,상시,,199804,민간,수세식,N,N,,N,N,,,2025-07-01,I,2026-05-15 18:43:46,2025-07-02 17:46:27
4671000,202546710000100288,개방화장실,법제3조제11호,CJ대한통운㈜ 신군산항주유소,전북특별자치도 군산시 외항로 399,,0,0,0,0,0,0,0,0,0,GS칼텍스,0634607044,상시,,200710,민간,수세식,N,N,,N,N,,,2025-07-01,I,2026-05-15 18:43:46,2025-07-02 17:46:27
4671000,202546710000100289,개방화장실,법제3조제11호,엑센트주유소,전북특별자치도 군산시 대학로 191,,0,0,0,0,0,0,0,0,0,GS칼텍스,0634612631,상시,,200610,민간,수세식,N,N,,N,N,,,2025-07-01,I,2026-05-15 18:43:46,2025-07-02 17:46:27
4671000,202546710000100290,개방화장실,법제3조제11호,정든주유소,전북특별자치도 군산시 공항로 157,,0,0,0,0,0,0,0,0,0,GS칼텍스,0634670110,상시,,200212,민간,수세식,N,N,,N,N,,,2025-07-01,I,2026-05-15 18:43:45,2025-07-02 17:46:27
4671000,202546710000100291,개방화장실,법제3조제11호,골든벨주유소,전북특별자치도 군산시 공단대로 90,,0,0,0,0,0,0,0,0,0,GS칼텍스,0634520100,상시,,201504,민간,수세식,N,N,,N,N,,,2025-07-01,I,2026-05-15 18:43:45,2025-07-02 17:46:27
4671000,202546710000100292,개방화장실,법제3조제11호,(유)밀레니엄주유소,전북특별자치도 군산시 외항로 319,,0,0,0,0,0,0,0,0,0,SK에너지,0634675194,상시,,200106,민간,수세식,N,N,,N,N,,,2025-07-01,I,2026-05-15 18:43:45,2025-07-02 17:46:27
4671000,202546710000100293,개방화장실,법제3조제11호,로얄주유소,전북특별자치도 군산시 번영로 447-3,,0,0,0,0,0,0,0,0,0,GS칼텍스,0634523792,상시,,199604,민간,수세식,N,N,,N,N,,,2025-07-01,I,2026-05-15 18:43:46,2025-07-02 17:46:27
4671000,202546710000100294,개방화장실,법제3조제11호,유쾌한주유소,전북특별자치도 군산시 구암로 97,,0,0,0,0,0,0,0,0,0,현대오일뱅크,0634459110,상시,,200409,민간,수세식,N,N,,N,N,,,2025-07-01,I,2026-05-15 18:43:45,2025-07-02 17:46:27
4671000,202546710000100295,개방화장실,법제3조제11호,동영주유소,전북특별자치도 군산시 성산면 동군산로 467,,0,0,0,0,0,0,0,0,0,S-OIL,0634535134,상시,,200406,민간,수세식,N,N,,N,N,,,2025-07-01,I,2026-05-15 18:43:46,2025-07-02 17:46:27
4671000,202546710000100296,개방화장실,법제3조제11호,성은주유소,전북특별자치도 군산시 미성로 442,,0,0,0,0,0,0,0,0,0,현대오일뱅크,0634717883,상시,,200405,민간,수세식,N,N,,N,N,,,2025-07-01,I,2026-05-15 18:43:46,2025-07-02 17:46:27
4671000,202546710000100297,개방화장실,법제3조제11호,미소주유소,전북특별자치도 군산시 대학로 618,,0,0,0,0,0,0,0,0,0,S-OIL,0634626146,상시,,200707,민간,수세식,N,N,,N,N,,,2025-07-01,I,2026-05-15 18:43:45,2025-07-02 17:46:27
4671000,202546710000100298,개방화장실,법제3조제11호,성산주유소,전북특별자치도 군산시 구암로 137,,0,0,0,0,0,0,0,0,0,SK에너지,0634535151,상시,,201212,민간,수세식,N,N,,N,N,,,2025-07-01,I,2026-05-15 18:43:46,2025-07-02 17:46:27
4671000,202546710000100299,개방화장실,법제3조제11호,삼아주유소,전북특별자치도 군산시 대야면 번영로 955,,0,0,0,0,0,0,0,0,0,S-OIL,0634512464,상시,,199506,민간,수세식,N,N,,N,N,,,2025-07-01,I,2026-05-15 18:43:45,2025-07-02 17:46:27
4671000,202546710000100300,개방화장실,법제3조제11호,에스제이오일㈜ 에스제이주유소,전북특별자치도 군산시 해망로 252,,0,0,0,0,0,0,0,0,0,GS칼텍스,0634426222,상시,,199507,민간,수세식,N,N,,N,N,,,2025-07-01,I,2026-05-15 18:43:45,2025-07-02 17:46:27
4671000,202546710000100301,개방화장실,법제3조제11호,공항주유소,전북특별자치도 군산시 옥서면 선연길 8,,0,0,0,0,0,0,0,0,0,SK에너지,0634715328,상시,,199210,민간,수세식,N,N,,N,N,,,2025-07-01,I,2026-05-15 18:43:45,2025-07-02 17:46:27
4671000,202546710000100302,개방화장실,법제3조제11호,대학로셀프주유소,전북특별자치도 군산시 대학로 487,,0,0,0,0,0,0,0,0,0,SK에너지,0634675113,상시,,201003,민간,수세식,N,N,,N,N,,,2025-07-01,I,2026-05-15 18:43:45,2025-07-02 17:46:27
4671000,202546710000100303,개방화장실,법제3조제11호,동행주유소,전북특별자치도 군산시 구암로 176,,0,0,0,0,0,0,0,0,0,S-OIL,0634435144,상시,,200009,민간,수세식,N,N,,N,N,,,2025-07-01,I,2026-05-15 18:43:46,2025-07-02 17:46:27
4671000,202546710000100304,개방화장실,법제3조제11호,강서주유소,전북특별자치도 군산시 회현면 회현로 155,,0,0,0,0,0,0,0,0,0,GS칼텍스,0634668283,상시,,199411,민간,수세식,N,N,,N,N,,,2025-07-01,I,2026-05-15 18:43:46,2025-07-02 17:46:27
4671000,202546710000100305,개방화장실,법제3조제11호,착한주유소,전북특별자치도 군산시 해망로 370,,0,0,0,0,0,0,0,0,0,SK에너지,0634435146,상시,,199208,민간,수세식,N,N,,N,N,,,2025-07-01,I,2026-05-15 18:43:45,2025-07-02 17:46:27
4671000,202546710000100306,개방화장실,법제3조제11호,동군산셀프주유소,전북특별자치도 군산시 대야면 만경로 1767,,0,0,0,0,0,0,0,0,0,알뜰주유소,0634518878,상시,,199010,민간,수세식,N,N,,N,N,,,2025-07-01,I,2026-05-15 18:43:46,2025-07-02 17:46:27
4671000,202546710000100307,개방화장실,법제3조제11호,대은주유소,전북특별자치도 군산시 공항로 218,,0,0,0,0,0,0,0,0,0,S-OIL,0634665151,상시,,199904,민간,수세식,N,N,,N,N,,,2025-07-01,I,2026-05-15 18:43:45,2025-07-02 17:46:27
4671000,202546710000100308,개방화장실,법제3조제11호,신일self주유소,전북특별자치도 군산시 공단대로 67,,0,0,0,0,0,0,0,0,0,SK에너지,0634676985,상시,,202101,민간,수세식,N,N,,N,N,,,2025-07-01,I,2026-05-15 18:43:46,2025-07-02 17:46:27
4671000,202546710000100309,개방화장실,법제3조제11호,수송주유소,전북특별자치도 군산시 옥산면 월명로 58,,0,0,0,0,0,0,0,0,0,GS칼텍스,0634660145,상시,,200306,민간,수세식,N,N,,N,N,,,2025-07-01,I,2026-05-15 18:43:45,2025-07-02 17:46:27
4671000,202546710000100310,개방화장실,법제3조제11호,아리울주유소,전북특별자치도 군산시 공단대로 620,,0,0,0,0,0,0,0,0,0,현대오일뱅크,0634715182,상시,,199508,민간,수세식,N,N,,N,N,,,2025-07-01,I,2026-05-15 18:43:45,2025-07-02 17:46:27
4671000,202546710000100311,개방화장실,법제3조제11호,오일필드㈜ 서부지점,전북특별자치도 군산시 개정면 구암로 252,,0,0,0,0,0,0,0,0,0,자가상표,0634515123,상시,,198911,민간,수세식,N,N,,N,N,,,2025-07-01,I,2026-05-15 18:43:45,2025-07-02 17:46:28
4671000,202546710000100312,개방화장실,법제3조제11호,강우주유소,전북특별자치도 군산시 새만금북로 534-5,,0,0,0,0,0,0,0,0,0,SK에너지,0634647703,상시,,200402,민간,수세식,N,N,,N,N,,,2025-07-01,I,2026-05-15 18:43:46,2025-07-02 17:46:28
4671000,202546710000100313,개방화장실,법제3조제11호,지에스칼텍스㈜ 군산이마트셀프주유소,전북특별자치도 군산시 구암3.1로 137,,0,0,0,0,0,0,0,0,0,GS칼텍스,0634461280,상시,,200912,민간,수세식,N,N,,N,N,,,2025-07-01,I,2026-05-15 18:43:46,2025-07-02 17:46:28
4671000,202546710000100314,개방화장실,법제3조제11호,중앙로주유소,전북특별자치도 군산시 중앙로 188,,0,0,0,0,0,0,0,0,0,알뜰주유소,0634465154,상시,,198301,민간,수세식,N,N,,N,N,,,2025-07-01,I,2026-05-15 18:43:46,2025-07-02 17:46:28
4671000,202546710000100315,개방화장실,법제3조제11호,사랑을 담는,전북특별자치도 군산시  해망로 580,,0,0,0,0,0,0,0,0,0,현대오일뱅크,,상시,,199507,민간,수세식,N,N,,N,N,,,2025-07-01,I,2026-05-15 18:43:46,2025-07-02 17:46:28
4671000,202546710000100316,개방화장실,법제3조제11호,CJ대한통운㈜ 군장산단주유소,전북특별자치도 군산시 동장산로 5,,0,0,0,0,0,0,0,0,0,GS칼텍스,0634645182,상시,,200712,민간,수세식,N,N,,N,N,,,2025-07-01,I,2026-05-15 18:43:46,2025-07-02 17:46:28
4671000,202546710000100317,개방화장실,법제3조제4호,(주)이마트군산점,전북특별자치도 군산시 구암3.1로 137,전북특별자치도 군산시 경암동 590,0,0,0,0,0,0,0,0,0,(주)이마트군산점,0634721053,상시,,200103,민간,수세식,N,N,,N,N,,,2025-07-01,I,2026-05-15 18:43:46,2025-07-02 17:46:28
4671000,202546710000100318,개방화장실,법제3조제4호,롯데쇼핑 (주) 롯데마트군산점,전북특별자치도 군산시 수송로 185,전북특별자치도 군산시 수송동 833,0,0,0,0,0,0,0,0,0,롯데쇼핑 (주) 롯데마트군산점,0634412500,상시,,200702,민간,수세식,N,N,,N,N,,,2025-07-01,I,2026-05-15 18:43:46,2025-07-02 17:46:28
4671000,202546710000100319,개방화장실,법제3조제4호,새만금종합수산시장,전북특별자치도 군산시 비응남로 111,전북특별자치도 군산시 비응도동 78,0,0,0,0,0,0,0,0,0,새만금종합수산시장,0634619112,상시,,200911,민간,수세식,N,N,,N,N,,,2025-07-01,I,2026-05-15 18:43:46,2025-07-02 17:46:28
4671000,202546710000100320,개방화장실,법제3조제4호,(주)지에스리테일 군산나운점,전북특별자치도 군산시 수송로 50,전북특별자치도 군산시 나운동 486,0,0,0,0,0,0,0,0,0,(주)지에스리테일 군산나운점,0637343005,상시,,201107,민간,수세식,N,N,,N,N,,,2025-07-01,I,2026-05-15 18:43:45,2025-07-02 17:46:28
4671000,202546710000100321,개방화장실,법제3조제4호,(주)이마트에브리데이 나운동점,전북특별자치도 군산시 하나운로 32,전북특별자치도 군산시 나운동 155,0,0,0,0,0,0,0,0,0,(주)이마트에브리데이 나운동점,0634715847,상시,,201203,민간,수세식,N,N,,N,N,,,2025-07-01,I,2026-05-15 18:43:46,2025-07-02 17:46:28
4671000,202546710000100322,개방화장실,법제3조제4호,롯데쇼핑 주식회사 아울렛 군산점,전북특별자치도 군산시 조촌로 130,전북특별자치도 군산시 조촌동 450-21,0,0,0,0,0,0,0,0,0,롯데쇼핑 주식회사 아울렛 군산점,0632792500,상시,,201612,민간,수세식,N,N,,N,N,,,2025-07-01,I,2026-05-15 18:43:45,2025-07-02 17:46:28
4671000,202546710000100323,개방화장실,법제3조제16호-영제3조제1항제4호,금강도서관 화장실,전북특별자치도 군산시 궁포3로 30,,6,6,3,3,0,3,15,3,3,군산시청,0634545619,정시,09:00~22:00,202208,공공기관-지방자치단체,수세식,Y,Y,장애인화장실,Y,N,,,2025-07-01,I,2026-05-15 18:43:46,2025-07-02 17:46:28
4671000,202546710000100324,개방화장실,법제3조제16호-영제3조제1항제1호,"수송동 행정복지센터 화장실(1층, 2층)",전북특별자치도 군산시 동수송1길 7,전북특별자치도 군산시 수송동 845-1,3,5,0,0,0,0,5,0,0,수송동 행정복지센터,0634547640,정시,09:00~18:00,200912,공공기관-지방자치단체,수거식,Y,Y,장애인화장실,N,N,,,2025-07-01,I,2026-05-15 18:43:46,2025-07-02 17:46:28
4671000,202546710000100325,개방화장실,법제3조제16호-영제3조제1항제1호,나운2동 주민센터 3층,전북특별자치도 군산시 나운3길 16,전북특별자치도 군산시 나운동 376-1,3,4,0,0,0,0,4,0,0,나운2동 주민센터,0634547710,정시,09:00~18:00,200201,공공기관-지방자치단체,수세식,N,N,,N,N,,,2025-07-01,I,2026-05-15 18:43:45,2025-07-02 17:46:28
4671000,202546710000100326,개방화장실,법제3조제16호-영제3조제1항제1호,나운2동 주민센터 2층,전북특별자치도 군산시 나운3길 16,전북특별자치도 군산시 나운동 376-1,3,4,0,0,0,0,4,0,0,나운2동 주민센터,0634547710,정시,09:00~18:00,200201,공공기관-지방자치단체,수세식,N,N,,N,N,,,2025-07-01,I,2026-05-15 18:43:46,2025-07-02 17:46:28
4671000,202546710000100327,개방화장실,법제3조제16호-영제3조제1항제1호,나운2동 주민센터 1층,전북특별자치도 군산시 나운3길 16,전북특별자치도 군산시 나운동 376-1,3,4,0,0,0,0,4,0,0,나운2동 주민센터,0634547710,정시,09:00~18:00,200201,공공기관-지방자치단체,수세식,N,N,,N,N,,,2025-07-01,I,2026-05-15 18:43:46,2025-07-02 17:46:28
4671000,202546710000100328,개방화장실,법제3조제16호-영제3조제1항제1호,나포면사무소 화장실,전북특별자치도 군산시 나포면 나포초교길 9,전북특별자치도 군산시 나포면 옥곤리 452,4,4,1,0,0,0,4,1,0,군산시 나포면사무소,0634547255,정시,09:00~18:00,200711,공공기관-지방자치단체,수세식,N,N,,N,N,,,2025-07-01,I,2026-05-15 18:43:46,2025-07-02 17:46:28
4671000,202546710000100329,개방화장실,법제3조제16호-영제3조제1항제1호,화학119구조대,전북특별자치도 군산시 외항7길 7,전북특별자치도 군산시 소룡동 9-9,2,2,0,1,0,0,1,1,0,군산소방서,0634500267,상시,,202304,공공기관-국가공공기관,수세식,N,N,,N,Y,여자화장실,,2025-07-01,I,2026-05-15 18:43:45,2025-07-02 17:46:28
4671000,202546710000100330,개방화장실,법제3조제16호-영제3조제1항제1호,고군산119지역대,전북특별자치도 군산시 옥도면 무녀4길 74,,1,1,0,0,0,0,1,0,0,군산소방서,0634500297,상시,,202007,공공기관-국가공공기관,수세식,N,N,,N,N,,,2025-07-01,I,2026-05-15 18:43:46,2025-07-02 17:46:28
4671000,202546710000100331,개방화장실,법제3조제16호-영제3조제1항제1호,옥서119지역대,전북특별자치도 군산시 옥서면 옥구저수지로 256,전북특별자치도 군산시 옥서면 옥봉리 1676-4,1,2,0,0,0,0,0,0,0,군산소방서,0634500294,상시,,202211,공공기관-국가공공기관,수세식,N,N,,N,N,,,2025-07-01,I,2026-05-15 18:43:46,2025-07-02 17:46:28
4671000,202546710000100332,개방화장실,법제3조제16호-영제3조제1항제1호,옥구119지역대,전북특별자치도 군산시 옥구읍 상평로 15,전북특별자치도 군산시 옥구읍 선제리 92-10,1,1,0,0,0,0,0,1,0,군산소방서,0634500293,상시,,202007,공공기관-국가공공기관,수세식,N,N,,N,N,,,2025-07-01,I,2026-05-15 18:43:45,2025-07-02 17:46:28
4671000,202546710000100333,개방화장실,법제3조제16호-영제3조제1항제1호,비응119안전센터,전북특별자치도 군산시 새만금북로 43,전북특별자치도 군산시 비응도동 36-8,1,2,1,0,0,0,0,1,0,군산소방서,0634500279,상시,,201111,공공기관-국가공공기관,수세식,N,N,,N,Y,여자화장실,,2025-07-01,I,2026-05-15 18:43:46,2025-07-02 17:46:28
4671000,202546710000100334,개방화장실,법제3조제16호-영제3조제1항제1호,항만119안전센터,전북특별자치도 군산시 외항로 436,전북특별자치도 군산시 소룡동 9-12,1,1,1,1,0,0,0,1,0,군산소방서,0634500275,상시,,202304,공공기관-국가공공기관,수세식,N,N,,N,N,,,2025-07-01,I,2026-05-15 18:43:46,2025-07-02 17:46:28
4671000,202546710000100335,개방화장실,법제3조제16호-영제3조제1항제1호,대야119안전센터,전북특별자치도 군산시 대야면 대야관통로 5,전북특별자치도 군산시 대야면 지경리 873-1,1,1,1,1,0,0,0,1,0,군산소방서,0634500278,상시,,201912,공공기관-국가공공기관,수세식,N,N,,N,N,,,2025-07-01,I,2026-05-15 18:43:46,2025-07-02 17:46:28
4671000,202546710000100336,개방화장실,법제3조제16호-영제3조제1항제1호,산북119안전센터,전북특별자치도 군산시 산북로 71-11,전북특별자치도 군산시 산북동 321-1,1,1,1,1,0,0,0,1,0,군산소방서,0634500276,상시,,202010,공공기관-국가공공기관,수세식,N,Y,남자화장실+여자화장실,N,N,,,2025-07-01,I,2026-05-15 18:43:46,2025-07-02 17:46:28
4671000,202546710000100337,개방화장실,법제3조제16호-영제3조제1항제1호,지곡119안전센터,전북특별자치도 군산시 백토로 223,전북특별자치도 군산시 지곡동 491,2,1,0,0,0,0,0,0,0,군산소방서,0634500273,상시,,200010,공공기관-국가공공기관,수세식,N,N,,N,N,,,2025-07-01,I,2026-05-15 18:43:46,2025-07-02 17:46:28
4671000,202546710000100338,개방화장실,법제3조제16호-영제3조제1항제1호,금동119안전센터,전북특별자치도 군산시 군산창길 1,전북특별자치도 군산시 금동 11,2,2,0,0,0,0,0,0,0,군산소방서,0634500274,상시,,197312,공공기관-국가공공기관,수세식,N,N,,N,N,,,2025-07-01,I,2026-05-15 18:43:46,2025-07-02 17:46:28
4671000,202546710000100339,개방화장실,법제3조제16호-영제3조제1항제1호,사정119안전센터,전북특별자치도 군산시 번영로 308,전북특별자치도 군산시 사정동 171,2,2,0,0,0,0,0,1,0,군산소방서,0634500272,상시,,200101,공공기관-국가공공기관,수세식,N,N,,N,N,,,2025-07-01,I,2026-05-15 18:43:46,2025-07-02 17:46:28
4671000,202546710000100340,개방화장실,법제3조제16호-영제3조제1항제1호,군산세무서 화장실,전북특별자치도 군산시 미장13길 49,전북특별자치도 군산시 미장동 525,2,1,1,1,0,0,4,1,0,군산세무서,0634703243,정시,9시간,201910,공공기관-국가,수세식,N,N,,N,Y,여자화장실,,2025-07-01,I,2026-05-15 18:43:46,2025-07-02 17:46:28
4671000,202546710000100341,개방화장실,법제3조제16호-영제3조제1항제1호,군산자유무역지역관리원 업무지원동,전북특별자치도 군산시 자유로 482,전북특별자치도 군산시 오식도동 513,24,30,3,0,0,0,21,3,0,산업통상자원부 군산자유무역지역관리원,0634540704,정시,9시간,200509,공공기관-국가,수세식,N,N,,N,N,,201912,2025-07-01,I,2026-05-15 18:43:46,2025-07-02 17:46:28
4671000,202546710000100342,개방화장실,법제3조제16호-영제3조제1항제1호,군산자유무역지역관리원 청사동,전북특별자치도 군산시 자유로 482,전북특별자치도 군산시 오식도동 513,22,30,3,0,0,0,17,3,0,산업통상자원부 군산자유무역지역관리원,0634540704,정시,9시간,200509,공공기관-국가,수세식,N,N,,N,N,,201912,2025-07-01,I,2026-05-15 18:43:46,2025-07-02 17:46:28
4671000,202546710000100343,공중화장실,법제3조제16호-영제3조제1항제1호,공원,,전북특별자치도 군산시 구암동 601-41,1,1,1,0,0,0,2,1,0,군산시 산림녹지과,0634542983,정시,24시간,202101,공공기관-지방자치단체,수세식,N,Y,여자화장실,N,N,,202101,2025-07-01,I,2026-05-15 18:43:46,2025-07-02 17:46:28
4671000,202546710000100344,개방화장실,법제3조제16호-영제3조제1항제1호,해신동주민센터,전북특별자치도 군산시 중앙로 220,,6,6,1,3,1,1,12,1,1,군산시 해신동주민센터,,정시,9시간,201612,공공기관-지방자치단체,수세식,N,N,,N,Y,남자화장실+여자화장실,,2025-07-01,I,2026-05-15 18:43:46,2025-07-02 17:46:28
4671000,202546710000100345,개방화장실,법제3조제16호-영제3조제1항제1호,느루쉼터 화장실,전북특별자치도 군산시 구영3길 66-20,전북특별자치도 군산시 신창동 41-33,1,1,0,0,0,0,2,0,0,전북특별자치도 군산시청,0634544474,정시,6시간,201806,공공기관-지방자치단체,수세식,N,N,,Y,N,,201806,2025-07-01,I,2026-05-15 18:43:46,2025-07-02 17:46:28
4671000,202546710000100346,개방화장실,법제3조제16호-영제3조제1항제1호,도시재생지원센터 화장실,전북특별자치도 군산시 구영7길 129,전북특별자치도 군산시 영화동 10-5,1,3,1,0,0,0,3,1,0,전북특별자치도 군산시청,0634544477,상시,,201709,공공기관-지방자치단체,수세식,N,N,,Y,N,,201709,2025-07-01,I,2026-05-15 18:43:46,2025-07-02 17:46:28
4671000,202546710000100347,개방화장실,법제3조제16호-영제3조제1항제1호,중동복합커뮤니티센터 화장실,전북특별자치도 군산시 서래안2길 22,전북특별자치도 군산시 중동 272-13,0,2,1,1,0,0,1,1,0,전북특별자치도 군산시청,0634544477,정시,9시간,201904,공공기관-지방자치단체,수세식,N,N,,Y,N,,201904,2025-07-01,I,2026-05-15 18:43:46,2025-07-02 17:46:28
4671000,202546710000100348,개방화장실,법제3조제16호-영제3조제1항제1호,군산시 농업기술센터,전북특별자치도 군산시 개정면 운회길 22,,2,3,0,0,0,0,2,0,0,군산시농업기술센터,,정시,09:00~18:00,202402,공공기관-지방자치단체,수세식,N,N,,N,N,,,2025-07-01,I,2026-05-15 18:43:46,2025-07-02 17:46:28
4671000,202546710000100349,개방화장실,법제3조제16호-영제3조제1항제1호,군산시 농업기술센터,전북특별자치도 군산시 개정면 운회길 32,,1,2,1,0,0,0,1,1,0,군산시농업기술센터,,정시,09:00~18:00,202111,공공기관-지방자치단체,수세식,N,N,,N,Y,여자화장실,,2025-07-01,I,2026-05-15 18:43:46,2025-07-02 17:46:28
4671000,202546710000100350,공중화장실,법제3조제16호-영제3조제1항제1호,자전거도로화장실,전북특별자치도 군산시 나포면 철새로 987-5,전북특별자치도 군산시 나포면 나포리 636-2,1,0,1,1,0,0,1,1,0,군산시청 하수과,0634545483,상시,,202202,공공기관-지방자치단체,수세식,N,Y,여자화장실,Y,N,,,2025-07-01,I,2026-05-15 18:43:46,2025-07-02 17:46:28
4671000,202546710000100351,공중화장실,법제3조제16호-영제3조제1항제1호,공원,,전북특별자치도 군산시 월명동 21-16,3,3,0,0,0,0,5,0,0,전북특별자치도 군산시청,,상시,,200109,공공기관-지방자치단체,수세식,N,N,,N,N,,200109,2025-07-01,I,2026-05-15 18:43:45,2025-07-02 17:46:28
4671000,202546710000100352,공중화장실,법제3조제16호-영제3조제1항제1호,기타,전북특별자치도 군산시 중앙로 185(중앙로1가),전북특별자치도 군산시 중앙로1가 10-1,1,1,0,0,0,0,2,0,0,전북특별자치도 군산시청,,상시,,201808,공공기관-지방자치단체,수세식,N,N,,N,N,,201808,2025-07-01,I,2026-05-15 18:43:45,2025-07-02 17:46:28
4671000,202546710000100353,공중화장실,법제3조제16호-영제3조제1항제1호,시장,전북특별자치도 군산시 오룡로 57-4(명산동),전북특별자치도 군산시 명산동 18-25,1,2,0,0,0,0,2,0,0,전북특별자치도 군산시청,,상시,,200608,공공기관-지방자치단체,수세식,N,N,,N,N,,200608,2025-07-01,I,2026-05-15 18:43:46,2025-07-02 17:46:28
4671000,202546710000100354,공중화장실,법제3조제16호-영제3조제1항제1호,공원,,전북특별자치도 군산시 문화동 886,3,3,0,0,0,0,3,0,0,전북특별자치도 군산시청,,상시,,200412,공공기관-지방자치단체,수세식,N,N,,N,Y,남자화장실+여자화장실,200412,2025-07-01,I,2026-05-15 18:43:46,2025-07-02 17:46:28
4671000,202546710000100355,공중화장실,법제3조제16호-영제3조제1항제1호,시장,전북특별자치도 군산시 문화3길 15(문화동),전북특별자치도 군산시 문화동 917-1,1,2,0,0,0,0,2,0,0,전북특별자치도 군산시청,,상시,,200309,공공기관-지방자치단체,수세식,N,N,,N,N,,200309,2025-07-01,I,2026-05-15 18:43:46,2025-07-02 17:46:28
4671000,202546710000100356,공중화장실,법제3조제16호-영제3조제1항제1호,공원,전북특별자치도 군산시 백릉로 214-41(조촌동),전북특별자치도 군산시 조촌동 산 21-3,3,4,0,0,0,0,5,0,0,전북특별자치도 군산시청,,상시,,200609,공공기관-지방자치단체,수세식,N,Y,여자화장실,N,N,,200609,2025-07-01,I,2026-05-15 18:43:45,2025-07-02 17:46:28
4671000,202546710000100357,공중화장실,법제3조제16호-영제3조제1항제1호,공원,전북특별자치도 군산시 조촌안5길 69(조촌동),전북특별자치도 군산시 조촌동 848-5,1,2,0,0,0,0,1,0,0,전북특별자치도 군산시청,,상시,,199609,공공기관-지방자치단체,수세식,N,Y,여자화장실,N,N,,199609,2025-07-01,I,2026-05-15 18:43:46,2025-07-02 17:46:28
4671000,202546710000100358,공중화장실,법제3조제16호-영제3조제1항제1호,공원,전북특별자치도 군산시 잠두1길 65(구암동),전북특별자치도 군산시 구암동 48-10,2,2,0,0,0,0,4,0,0,전북특별자치도 군산시청,,상시,,201411,공공기관-지방자치단체,수세식,N,Y,여자화장실,N,N,,201411,2025-07-01,I,2026-05-15 18:43:46,2025-07-02 17:46:28
4671000,202546710000100359,공중화장실,법제3조제16호-영제3조제1항제1호,시장,전북특별자치도 군산시 대야면 만경로 1940,전북특별자치도 군산시 대야면 산월리 377-1,3,3,0,0,0,0,6,0,0,전북특별자치도 군산시청,,상시,,202009,공공기관-지방자치단체,수세식,N,N,,N,Y,여자화장실,202009,2025-07-01,I,2026-05-15 18:43:46,2025-07-02 17:46:28
4671000,202546710000100360,공중화장실,법제3조제16호-영제3조제1항제1호,시장,전북특별자치도 군산시 대야면 대야시장로 19,전북특별자치도 군산시 대야면 산월리 401-3,2,3,0,0,0,0,3,0,0,전북특별자치도 군산시청,,상시,,200602,공공기관-지방자치단체,수세식,N,N,,N,N,,200602,2025-07-01,I,2026-05-15 18:43:45,2025-07-02 17:46:28
4671000,202546710000100361,공중화장실,법제3조제16호-영제3조제1항제1호,공원,,전북특별자치도 군산시 회현면 세장리 465,2,2,0,0,0,0,3,0,0,전북특별자치도 군산시청,,상시,,200901,공공기관-지방자치단체,수세식,N,Y,여자화장실,N,Y,여자화장실,200901,2025-07-01,I,2026-05-15 18:43:46,2025-07-02 17:46:28
4671000,202546710000100362,공중화장실,법제3조제16호-영제3조제1항제1호,공원,전북특별자치도 군산시 옥산면 옥산신성길 53,전북특별자치도 군산시 옥산면 옥산리 683-1,3,3,0,0,0,0,5,0,0,전북특별자치도 군산시청,,상시,,201008,공공기관-지방자치단체,수세식,N,Y,여자화장실,N,N,,201008,2025-07-01,I,2026-05-15 18:43:46,2025-07-02 17:46:28
4671000,202546710000100363,공중화장실,법제3조제16호-영제3조제1항제1호,공원,,전북특별자치도 군산시 조촌동 897,1,1,0,0,0,0,1,0,0,전북특별자치도 군산시청,,상시,,199608,공공기관-지방자치단체,수세식,N,Y,여자화장실,N,N,,199608,2025-07-01,I,2026-05-15 18:43:46,2025-07-02 17:46:28
4671000,202546710000100364,공중화장실,법제3조제16호-영제3조제1항제1호,공원,,전북특별자치도 군산시 조촌동 890-4,1,2,0,0,0,0,1,0,0,전북특별자치도 군산시청,,상시,,199604,공공기관-지방자치단체,수세식,N,Y,여자화장실,N,N,,199604,2025-07-01,I,2026-05-15 18:43:45,2025-07-02 17:46:28
4671000,202546710000100365,공중화장실,법제3조제16호-영제3조제1항제1호,공원,,전북특별자치도 군산시 조촌동 876,1,2,0,0,0,0,1,0,0,전북특별자치도 군산시청,,상시,,199611,공공기관-지방자치단체,수세식,N,Y,여자화장실,N,N,,199611,2025-07-01,I,2026-05-15 18:43:46,2025-07-02 17:46:28
4671000,202546710000100366,공중화장실,법제3조제16호-영제3조제1항제1호,공원,,전북특별자치도 군산시 조촌동 867-15,1,2,0,0,0,0,1,0,0,전북특별자치도 군산시청,,상시,,199606,공공기관-지방자치단체,수세식,N,Y,여자화장실,N,N,,199606,2025-07-01,I,2026-05-15 18:43:46,2025-07-02 17:46:28
4671000,202546710000100367,공중화장실,법제3조제16호-영제3조제1항제1호,공원,전북특별자치도 군산시 조촌안2길 12,전북특별자치도 군산시 조촌동 852,1,1,0,0,0,0,1,0,0,전북특별자치도 군산시청,,상시,,199606,공공기관-지방자치단체,수세식,N,Y,여자화장실,N,N,,199606,2025-07-01,I,2026-05-15 18:43:46,2025-07-02 17:46:28
4671000,202546710000100368,공중화장실,법제3조제16호-영제3조제1항제1호,공원,,전북특별자치도 군산시 조촌동 837,1,1,0,0,0,0,1,0,0,전북특별자치도 군산시청,,상시,,199605,공공기관-지방자치단체,수세식,N,Y,여자화장실,N,N,,199605,2025-07-01,I,2026-05-15 18:43:46,2025-07-02 17:46:28
4671000,202546710000100369,공중화장실,법제3조제16호-영제3조제1항제1호,공원,,전북특별자치도 군산시 조촌동 845,1,1,0,0,0,0,1,0,0,전북특별자치도 군산시청,,상시,,199605,공공기관-지방자치단체,수세식,N,Y,여자화장실,N,N,,199605,2025-07-01,I,2026-05-15 18:43:46,2025-07-02 17:46:28
4671000,202546710000100370,공중화장실,법제3조제16호-영제3조제1항제1호,공원,,전북특별자치도 군산시 내흥동 894,3,3,0,0,0,0,3,0,0,전북특별자치도 군산시청,,상시,,200809,공공기관-지방자치단체,수세식,N,N,,N,N,,200809,2025-07-01,I,2026-05-15 18:43:45,2025-07-02 17:46:28
4671000,202546710000100371,공중화장실,법제3조제16호-영제3조제1항제1호,공원,,전북특별자치도 군산시 내흥동 903,3,4,0,0,0,0,5,0,0,전북특별자치도 군산시청,,상시,,200609,공공기관-지방자치단체,수세식,N,Y,여자화장실,N,N,,200609,2025-07-01,I,2026-05-15 18:43:45,2025-07-02 17:46:28
4671000,202546710000100372,공중화장실,법제3조제16호-영제3조제1항제1호,공원,전북특별자치도 군산시 성산면 강변로 477,전북특별자치도 군산시 성산면 성덕리 487-19,3,3,1,0,0,0,5,1,0,전북특별자치도 군산시청,,상시,,199908,공공기관-지방자치단체,수세식,N,N,,N,N,,199908,2025-07-01,I,2026-05-15 18:43:46,2025-07-02 17:46:28
4671000,202546710000100373,공중화장실,법제3조제16호-영제3조제1항제1호,공원,,전북특별자치도 군산시 성산면 성덕리 461-13,3,3,1,0,0,0,5,1,0,전북특별자치도 군산시청,,상시,,199904,공공기관-지방자치단체,수세식,N,N,,N,N,,199904,2025-07-01,I,2026-05-15 18:43:46,2025-07-02 17:46:28
4671000,202546710000100374,공중화장실,법제3조제16호-영제3조제1항제1호,하구둑,전북특별자치도 군산시 성산면 철새로 25,전북특별자치도 군산시 성산면 성덕리 437,3,6,0,0,0,0,5,0,0,전북특별자치도 군산시청,,상시,,200109,공공기관-지방자치단체,수세식,N,Y,여자화장실,N,N,,200109,2025-07-01,I,2026-05-15 18:43:45,2025-07-02 17:46:28
4671000,202546710000100375,공중화장실,법제3조제16호-영제3조제1항제1호,금강호,,전북특별자치도 군산시 성산면 성덕리 422-1,5,6,0,0,0,0,13,0,0,전북특별자치도 군산시청,,상시,,201109,공공기관-지방자치단체,수세식,N,Y,여자화장실,N,Y,남자화장실+여자화장실,201109,2025-07-01,I,2026-05-15 18:43:46,2025-07-02 17:46:28
4671000,202546710000100376,공중화장실,법제3조제16호-영제3조제1항제1호,새만금어린이랜드(나비),전북특별자치도 군산시 새만금북로 520(오식도동),전북특별자치도 군산시 비응도동 841,1,1,0,0,1,2,2,0,2,군산시청 새만금에너지과,0634542213,정시,9시간,201712,공공기관-지방자치단체,수세식,N,N,,N,Y,남자화장실+여자화장실,201712,2025-07-01,I,2026-05-15 18:43:45,2025-07-02 17:46:28
4671000,202546710000100377,공중화장실,법제3조제16호-영제3조제1항제1호,새만금어린이랜드(애벌레),전북특별자치도 군산시 새만금북로 520(오식도동),전북특별자치도 군산시 비응도동 841,1,1,0,0,0,1,1,0,1,군산시청 새만금에너지과,0634542213,정시,9시간,201712,공공기관-지방자치단체,수세식,N,N,,N,N,,201712,2025-07-01,I,2026-05-15 18:43:46,2025-07-02 17:46:28
4671000,202546710000100378,개방화장실,법제3조제16호-영제3조제1항제1호,월명동 주민센터,전북특별자치도 군산시 구영6길 51,전북특별자치도 군산시 월명동 2-1,6,5,1,1,0,0,8,1,0,월명동,,정시,8시간,198401,공공기관-지방자치단체,수세식,N,N,,N,N,,,2025-07-01,I,2026-05-15 18:43:46,2025-07-02 17:46:28
4671000,202546710000100379,공중화장실,법제3조제16호-영제3조제1항제1호,옴서감서쉼터 공중화장실,,전북특별자치도 군산시 대야면 광교리 890-5,2,1,1,0,0,0,1,1,0,전북특별자치도 군산시청,0634543854,상시,,201601,공공기관-지방자치단체,수거식,N,N,,N,N,,201601,2025-07-01,I,2026-05-15 18:43:46,2025-07-02 17:46:28
4671000,202546710000100380,공중화장실,법제3조제16호-영제3조제1항제1호,연꽃단지 공중화장실,,전북특별자치도 군산시 대야면 복교리 304-35,2,2,1,0,0,0,2,1,0,전북특별자치도 군산시청,0634543854,상시,,201601,공공기관-지방자치단체,수거식,N,N,,N,N,,201601,2025-07-01,I,2026-05-15 18:43:46,2025-07-02 17:46:28
4671000,202546710000100381,개방화장실,법제3조제16호-영제3조제1항제1호,흥남동주민센터,전북특별자치도 군산시 월명로 377,전북특별자치도 군산시 미원동 365,6,9,3,0,0,0,12,3,0,전북특별자치도 군산시청,0634547493,정시,9시간,201307,공공기관-지방자치단체,수세식,N,N,,N,N,,201307,2025-07-01,I,2026-05-15 18:43:45,2025-07-02 17:46:28
4671000,202546710000100382,개방화장실,법제3조제16호-영제3조제1항제1호,시립도서관,전북특별자치도 군산시 축동로 72,전북특별자치도 군산시 수송동 798-1,12,12,6,0,0,0,30,6,2,군산시청,0634545654,정시,13시간,200812,공공기관-지방자치단체,수세식,N,N,,N,Y,여자화장실,,2025-07-01,I,2026-05-15 18:43:46,2025-07-02 17:46:28
4671000,202546710000100383,개방화장실,법제3조제16호-영제3조제1항제1호,늘푸른도서관,전북특별자치도 군산시 하나운로 17,전북특별자치도 군산시 나운동 153-8,6,10,0,0,3,4,11,2,0,군산시청,0634545982,정시,13시간,201303,공공기관-지방자치단체,수세식,N,N,,N,Y,여자화장실,,2025-07-01,I,2026-05-15 18:43:46,2025-07-02 17:46:28
4671000,202546710000100384,개방화장실,법제3조제16호-영제3조제1항제1호,설림도서관,전북특별자치도 군산시 설림길 25,전북특별자치도 군산시 소룡동 1530,3,6,1,1,0,0,9,1,1,군산시청,0634545704,정시,13시간,201906,공공기관-지방자치단체,수세식,N,N,,N,N,,,2025-07-01,I,2026-05-15 18:43:46,2025-07-02 17:46:28
4671000,202546710000100385,개방화장실,법제3조제16호-영제3조제1항제1호,산들도서관,전북특별자치도 군산시 옥구읍 옥구로 27,전북특별자치도 군산시 옥구읍 선제리 511-4,4,4,1,0,0,0,10,1,0,군산시청,0634545802,정시,9시간,200710,공공기관-지방자치단체,수세식,N,N,,N,N,,,2025-07-01,I,2026-05-15 18:43:46,2025-07-02 17:46:28
4671000,202546710000100386,개방화장실,법제3조제16호-영제3조제1항제1호,임피채만식도서관,전북특별자치도 군산시 임피면 임피향교길 39,전북특별자치도 군산시 임피면 읍내리 414,1,1,1,1,0,0,1,1,0,군산시청,0634545655,정시,8시간,199608,공공기관-지방자치단체,수세식,N,Y,장애인화장실,N,N,,,2025-07-01,I,2026-05-15 18:43:45,2025-07-02 17:46:28
4671000,202546710000100387,개방화장실,법제3조제16호-영제3조제1항제1호,구암작은도서관,전북특별자치도 군산시 구암3.1로245,전북특별자치도 군산시 구암동 397-8,1,1,0,0,0,0,1,0,0,군산시청,0634545657,정시,8시간,199311,공공기관-지방자치단체,수세식,N,N,,N,N,,,2025-07-01,I,2026-05-15 18:43:46,2025-07-02 17:46:28
4671000,202546710000100388,개방화장실,법제3조제16호-영제3조제1항제1호,나포작은도서관,전북특별자치도 군산시 나포면 교동2길 5,전북특별자치도 군산시 나포면 옥곤리 450-1,1,3,0,0,0,0,2,0,0,군산시청,0634545662,정시,8시간,200711,공공기관-지방자치단체,수세식,N,N,,N,N,,,2025-07-01,I,2026-05-15 18:43:46,2025-07-02 17:46:28
4671000,202546710000100389,개방화장실,법제3조제16호-영제3조제1항제1호,미성작은도서관,전북특별자치도 군산시 동아로 11,전북특별자치도 군산시 산북동 3601-3,3,4,0,0,0,0,3,0,0,군산시청,0634545658,정시,8시간,199610,공공기관-지방자치단체,수세식,N,N,,N,N,,,2025-07-01,I,2026-05-15 18:43:46,2025-07-02 17:46:28
4671000,202546710000100390,개방화장실,법제3조제16호-영제3조제1항제1호,월명작은도서관,전북특별자치도 군산시 구영7길 6,전북특별자치도 군산시 월명동 18-15,2,2,0,0,0,0,2,0,0,군산시청,0634545659,정시,8시간,199606,공공기관-지방자치단체,수세식,N,N,,N,N,,,2025-07-01,I,2026-05-15 18:43:46,2025-07-02 17:46:28
4671000,202546710000100391,개방화장실,법제3조제16호-영제3조제1항제1호,흥남작은도서관,전북특별자치도 군산시 풍문2길 35,전북특별자치도 군산시 장재동 212,1,1,0,0,0,0,1,0,0,군산시청,0634545660,정시,8시간,200911,공공기관-지방자치단체,수세식,N,N,,N,N,,,2025-07-01,I,2026-05-15 18:43:46,2025-07-02 17:46:28
4671000,202546710000100392,개방화장실,법제3조제16호-영제3조제1항제1호,서수작은도서관,전북특별자치도 군산시 서수면 탑천로 596,전북특별자치도 군산시 서수면 서수리 797-7,0,0,1,1,0,0,1,0,0,군산시청,0634545665,정시,8시간,201409,공공기관-지방자치단체,수세식,N,N,,N,N,,,2025-07-01,I,2026-05-15 18:43:46,2025-07-02 17:46:28
4671000,202546710000100393,개방화장실,법제3조제16호-영제3조제1항제1호,성산작은도서관,전북특별자치도 군산시 성산면 송호로 222,전북특별자치도 군산시 성산면 고봉리 283-2,1,1,0,0,0,0,1,0,0,군산시청,0634545666,정시,8시간,198608,공공기관-지방자치단체,수세식,N,N,,N,N,,,2025-07-01,I,2026-05-15 18:43:46,2025-07-02 17:46:28
4671000,202546710000100394,개방화장실,법제3조제16호-영제3조제1항제1호,개정작은도서관,전북특별자치도 군산시 번영로 329,전북특별자치도 군산시 사정동 99-5,1,2,1,0,0,0,2,1,0,군산시청,0634545668,정시,8시간,201906,공공기관-지방자치단체,수세식,N,Y,장애인화장실,N,N,,,2025-07-01,I,2026-05-15 18:43:45,2025-07-02 17:46:28
4671000,202546710000100395,공중화장실,법제3조제16호-영제3조제1항제1호,은파호수공원 9-1,전북특별자치도 은파순환길 9,전북특별자치도 군산시 나운동 1223-5,3,5,1,0,0,0,6,1,0,전북특별자치도 군산시청,0634543362,상시,,,공공기관-지방자치단체,수세식,N,Y,여자화장실,Y,Y,여자화장실,,2025-07-01,I,2026-05-15 18:43:46,2025-07-02 17:46:28
4671000,202546710000100396,공중화장실,법제3조제16호-영제3조제1항제1호,은파호수공원 9-2,,전북특별자치도 군산시 나운동 1222-43,4,5,0,0,0,0,6,1,0,전북특별자치도 군산시청,0634543362,상시,,,공공기관-지방자치단체,수세식,N,N,,N,N,,,2025-07-01,I,2026-05-15 18:43:46,2025-07-02 17:46:28
4671000,202546710000100397,공중화장실,법제3조제16호-영제3조제1항제1호,은파호수공원 9-3,,전북특별자치도 군산시 미룡동 49-46,5,6,2,1,0,0,10,2,0,전북특별자치도 군산시청,0634543362,상시,,,공공기관-지방자치단체,수세식,N,Y,여자화장실,N,Y,남자화장실,,2025-07-01,I,2026-05-15 18:43:45,2025-07-02 17:46:28
4671000,202546710000100398,공중화장실,법제3조제16호-영제3조제1항제1호,은파호수공원 9-4,,전북특별자치도 군산시 미룡동 산208-3,3,5,1,0,0,0,6,1,0,전북특별자치도 군산시청,0634543362,상시,,199807,공공기관-지방자치단체,수세식,N,N,,Y,N,,,2025-07-01,I,2026-05-15 18:43:46,2025-07-02 17:46:28
4671000,202546710000100399,공중화장실,법제3조제16호-영제3조제1항제1호,은파호수공원 9-5,,전북특별자치도 군산시 미룡동 산204-5,3,7,1,0,0,0,3,1,0,전북특별자치도 군산시청,0634543362,상시,,,공공기관-지방자치단체,수세식,N,Y,여자화장실,Y,Y,남자화장실+여자화장실,,2025-07-01,I,2026-05-15 18:43:46,2025-07-02 17:46:28
4671000,202546710000100400,공중화장실,법제3조제16호-영제3조제1항제1호,은파호수공원 9-6,,전북특별자치도 군산시 미룡동 산262-2,1,1,0,0,0,0,2,0,0,전북특별자치도 군산시청,0634543362,상시,,,공공기관-지방자치단체,수거식,N,N,,N,N,,,2025-07-01,I,2026-05-15 18:43:46,2025-07-02 17:46:28
4671000,202546710000100401,공중화장실,법제3조제16호-영제3조제1항제1호,은파호수공원 9-7,,전북특별자치도 군산시 나운동 197-10,1,1,0,0,0,0,2,0,0,전북특별자치도 군산시청,0634543362,상시,,,공공기관-지방자치단체,수거식,N,N,,N,N,,,2025-07-01,I,2026-05-15 18:43:46,2025-07-02 17:46:28
4671000,202546710000100402,공중화장실,법제3조제16호-영제3조제1항제1호,은파호수공원 9-8,,전북특별자치도 군산시 지곡동 산115-2,1,2,1,1,0,0,4,1,0,전북특별자치도 군산시청,0634543362,상시,,,공공기관-지방자치단체,수세식,N,N,,N,N,,,2025-07-01,I,2026-05-15 18:43:45,2025-07-02 17:46:28
4671000,202546710000100403,공중화장실,법제3조제16호-영제3조제1항제1호,은파호수공원 9-9,,전북특별자치도 군산시 나운동 191-78,4,5,2,1,0,0,9,2,0,전북특별자치도 군산시청,0634543362,상시,,201311,공공기관-지방자치단체,수세식,N,N,,N,Y,남자화장실+여자화장실,,2025-07-01,I,2026-05-15 18:43:46,2025-07-02 17:46:28
4671000,202546710000100404,개방화장실,법제3조제16호-영제3조제1항제1호,은파호수공원 자전거문화센터,전북특별자치도 군산시 한밭로 72,전북특별자치도 군산시 나운동 261,2,2,2,1,0,0,1,1,0,전북특별자치도 군산시청,0634543362,상시,,201307,공공기관-지방자치단체,수세식,N,N,,N,N,,,2025-07-01,I,2026-05-15 18:43:46,2025-07-02 17:46:28
4671000,202546710000100405,개방화장실,법제3조제16호-영제3조제1항제1호,오성산 화장실,전북특별자치도 군산시 성산면 환동길 182,전북특별자치도 군산시 성산면 성덕리 산38-12,2,5,0,0,0,0,4,0,0,전북특별자치도 군산시청,0634543362,상시,,199505,공공기관-지방자치단체,수세식,N,N,,N,N,,,2025-07-01,I,2026-05-15 18:43:46,2025-07-02 17:46:28
4671000,202546710000100406,개방화장실,법제3조제16호-영제3조제1항제1호,경암동주민센터,전북특별자치도 군산시 경암3길 56,전북특별자치도 군산시 경암동 636-37,1,1,0,0,0,0,1,1,0,경암동 주민센터,0634547559,정시,09:00~18:00,202501,공공기관-지방자치단체,수세식,N,N,,N,N,,,2025-07-01,I,2026-05-15 18:43:46,2025-07-02 17:46:28
4671000,202546710000100407,개방화장실,법제3조제16호-영제3조제1항제1호,나운1동 1층,전북특별자치도 군산시 신설3길 3(나운동),전북특별자치도 군산시 나운동 790-1 나운1동주민센터,1,2,0,0,0,0,1,0,0,나운1동 주민센터,0634547684,정시,09:00~18:00,199601,공공기관-지방자치단체,수세식,N,N,,N,N,,199601,2025-07-01,I,2026-05-15 18:43:46,2025-07-02 17:46:28
4671000,202546710000100408,개방화장실,법제3조제16호-영제3조제1항제1호,나운1동 2층,전북특별자치도 군산시 신설3길 3(나운동),전북특별자치도 군산시 나운동 790-1 나운1동주민센터,1,2,0,0,0,0,2,0,0,나운1동 주민센터,0634547684,정시,09:00~18:00,199601,공공기관-지방자치단체,수세식,N,N,,N,N,,199601,2025-07-01,I,2026-05-15 18:43:46,2025-07-02 17:46:28
4671000,202546710000100409,공중화장실,법제3조제16호-영제3조제1항제1호,어민공용 화장실,전북특별자치도 군산시 해망로 430,전북특별자치도 군산시 해망동 1011-42(군산항내),1,2,0,0,0,0,2,0,0,전북특별자치도 군산시청,0634542893,상시,,201912,공공기관-지방자치단체,수세식,N,N,,N,N,,201912,2025-07-01,I,2026-05-15 18:43:46,2025-07-02 17:46:28
4671000,202546710000100410,개방화장실,법제3조제16호-영제3조제1항제1호,옥구읍사무소,전북특별자치도 군산시 옥구읍 옥구로 6,전북특별자치도 군산시 옥구읍 선제리 98-11,5,8,1,0,0,0,9,1,0,군산시청,0634547014,정시,9시간,201101,공공기관-지방자치단체,수세식,N,N,,N,N,,201101,2025-07-01,I,2026-05-15 18:43:45,2025-07-02 17:46:28
4671000,202546710000100411,개방화장실,법제3조제16호-영제3조제1항제1호,옥산면사무소,전북특별자치도 군산시 옥산면 산성로 200,전북특별자치도 군산시 옥산면 옥산리 23-39,2,1,0,1,0,0,2,0,0,옥산면사무소,0634547045,정시,평일 09:00~18:00,198810,공공기관-지방자치단체,수세식,N,N,,N,N,,,2025-07-01,I,2026-05-15 18:43:45,2025-07-02 17:46:28
4671000,202546710000100412,개방화장실,법제3조제16호-영제3조제1항제1호,조촌동 주민센터 화장실(2층),"전북특별자치도 군산시 부골1길 40, 조촌동 행정복지센터 (조촌동)",전북특별자치도 군산시 조촌동 909-4 조촌동 행정복지센터,1,1,0,0,0,0,2,0,0,군산시 조촌동 행정복지센터,,정시,9시간,199401,공공기관-지방자치단체,수세식,N,N,,N,N,,,2025-07-01,U,2026-05-20 03:03:03,2026-05-19 14:51:55
4671000,202546710000100413,개방화장실,법제3조제16호-영제3조제1항제1호,조촌동 주민센터 화장실(부속),"전북특별자치도 군산시 부골1길 40, 조촌동 행정복지센터 (조촌동)",전북특별자치도 군산시 조촌동 909-4 조촌동 행정복지센터,1,1,1,1,0,0,0,0,0,군산시 조촌동 행정복지센터,,정시,9사간,199401,공공기관-지방자치단체,수세식,N,N,,N,N,,,2025-07-01,U,2026-05-20 03:03:03,2026-05-19 14:50:52
4671000,202546710000100414,공중화장실,법제3조제16호-영제3조제1항제1호,기타,,"전북특별자치도 군산시 옥도면 선유도 공유수면(선유2구, 4번)",2,2,1,1,0,0,4,1,0,전북특별자치도 군산시청,,상시,,199909,공공기관-지방자치단체,수세식,N,Y,여자화장실,N,Y,남자화장실+여자화장실,199909,2025-07-01,I,2026-05-15 18:43:46,2025-07-02 17:46:28
4671000,202546710000100415,공중화장실,법제3조제16호-영제3조제1항제1호,기타,,"전북특별자치도 군산시 옥도면 선유도 공유수면(선유2구, 3번)",3,2,1,1,0,0,10,1,0,전북특별자치도 군산시청,,상시,,201710,공공기관-지방자치단체,수세식,N,Y,여자화장실,N,Y,남자화장실+여자화장실,201710,2025-07-01,I,2026-05-15 18:43:46,2025-07-02 17:46:28
4671000,202546710000100416,공중화장실,법제3조제16호-영제3조제1항제1호,기타,,"전북특별자치도 군산시 옥도면 선유도리 479(선유2구, 2번 (남자)",4,7,0,0,0,0,5,0,0,전북특별자치도 군산시청,,상시,,200608,공공기관-지방자치단체,수세식,N,N,,N,N,,200608,2025-07-01,I,2026-05-15 18:43:45,2025-07-02 17:46:28
4671000,202546710000100417,공중화장실,법제3조제16호-영제3조제1항제1호,기타,,"전북특별자치도 군산시 옥도면 선유도리 479(선유2구, 1번 (여자)",2,3,0,0,0,0,7,0,0,전북특별자치도 군산시청,,상시,,200608,공공기관-지방자치단체,수세식,N,Y,여자화장실,N,N,,200608,2025-07-01,I,2026-05-15 18:43:45,2025-07-02 17:46:28
4671000,202546710000100418,공중화장실,법제3조제16호-영제3조제1항제1호,기타,,전북특별자치도 군산시 옥도면 선유1구 공유수면(선유1구),1,2,0,0,0,0,2,0,0,전북특별자치도 군산시청,,상시,,201210,공공기관-지방자치단체,수세식,N,N,,Y,N,,201210,2025-07-01,I,2026-05-15 18:43:46,2025-07-02 17:46:28
4671000,202546710000100419,공중화장실,법제3조제16호-영제3조제1항제1호,기타,,전북특별자치도 군산시 옥도면 무녀도리 산126-2,1,2,1,1,0,0,7,1,0,전북특별자치도 군산시청,,상시,,201709,공공기관-지방자치단체,수세식,N,Y,여자화장실,N,Y,남자화장실+여자화장실,201709,2025-07-01,I,2026-05-15 18:43:46,2025-07-02 17:46:28
4671000,202546710000100420,공중화장실,법제3조제16호-영제3조제1항제1호,기타,,전북특별자치도 군산시 옥도면 무녀도리 산4-1,2,1,1,1,0,0,4,1,0,전북특별자치도 군산시청,,상시,,201608,공공기관-지방자치단체,수세식,N,Y,여자화장실,N,Y,남자화장실+여자화장실,201608,2025-07-01,I,2026-05-15 18:43:45,2025-07-02 17:46:28
4671000,202546710000100421,공중화장실,법제3조제16호-영제3조제1항제1호,기타,전북특별자치도 군산시 옥도면 신시도길 83-7,전북특별자치도 군산시 옥도면 신시도리 248,4,4,0,1,0,0,9,0,0,전북특별자치도 군산시청,,상시,,201008,공공기관-지방자치단체,수세식,N,N,,N,Y,여자화장실,201008,2025-07-01,I,2026-05-15 18:43:45,2025-07-02 17:46:28
4671000,202546710000100422,공중화장실,법제3조제16호-영제3조제1항제1호,기타,,전북특별자치도 군산시 옥도면 신시도리 247-1,2,1,1,1,0,0,4,1,0,전북특별자치도 군산시청,,상시,,201608,공공기관-지방자치단체,수세식,N,N,,N,Y,남자화장실+여자화장실,201608,2025-07-01,I,2026-05-15 18:43:46,2025-07-02 17:46:28
4671000,202546710000100423,공중화장실,법제3조제16호-영제3조제1항제1호,어항,전북특별자치도 군산시 옥도면 새만금로 1563-24,전북특별자치도 군산시 옥도면 신시도리 260,1,2,0,0,1,1,3,1,0,전북특별자치도 군산시청,,상시,,201309,공공기관-지방자치단체,수세식,N,N,,N,Y,여자화장실,201309,2025-07-01,I,2026-05-15 18:43:45,2025-07-02 17:46:28
4671000,202546710000100424,공중화장실,법제3조제16호-영제3조제1항제1호,공원,,전북특별자치도 군산시 내초동 새만금광역생태공원,1,2,1,1,0,0,3,1,0,전북특별자치도 군산시청,,상시,,201609,공공기관-지방자치단체,수세식,N,N,,N,Y,여자화장실,201609,2025-07-01,I,2026-05-15 18:43:46,2025-07-02 17:46:28
4671000,202546710000100425,공중화장실,법제3조제16호-영제3조제1항제1호,공원,전북특별자치도 군산시 동장산로 32 (내초동),전북특별자치도 군산시 내초동 231,1,2,1,1,0,0,4,1,0,전북특별자치도 군산시청,,상시,,201009,공공기관-지방자치단체,수세식,N,N,,N,N,,201009,2025-07-01,I,2026-05-15 18:43:46,2025-07-02 17:46:28
4671000,202546710000100426,공중화장실,법제3조제16호-영제3조제1항제1호,공원,,전북특별자치도 군산시 소룡동 1634,1,2,1,1,0,0,2,1,0,전북특별자치도 군산시청,,상시,,199808,공공기관-지방자치단체,수세식,N,N,,N,N,,199808,2025-07-01,I,2026-05-15 18:43:46,2025-07-02 17:46:28
4671000,202546710000100427,공중화장실,법제3조제16호-영제3조제1항제1호,공원,,전북특별자치도 군산시 소룡동 1639,1,2,1,1,0,0,2,1,0,전북특별자치도 군산시청,,상시,,199809,공공기관-지방자치단체,수세식,N,N,,Y,N,,199809,2025-07-01,I,2026-05-15 18:43:46,2025-07-02 17:46:28
4671000,202546710000100428,공중화장실,법제3조제16호-영제3조제1항제1호,광장,전북특별자치도 군산시 내항2길 191(금동),전북특별자치도 군산시 금동 1-117,1,2,1,1,0,0,3,1,0,전북특별자치도 군산시청,,상시,,201808,공공기관-지방자치단체,수세식,N,N,,N,Y,남자화장실+여자화장실,201808,2025-07-01,I,2026-05-15 18:43:46,2025-07-02 17:46:28
4671000,202546710000100429,공중화장실,법제3조제16호-영제3조제1항제1호,공원,,전북특별자치도 군산시 금동 12-22,5,4,1,1,1,1,7,1,1,전북특별자치도 군산시청,,상시,,201505,공공기관-지방자치단체,수세식,N,Y,여자화장실,N,N,,201505,2025-07-01,I,2026-05-15 18:43:46,2025-07-02 17:46:28
4671000,202546710000100430,공중화장실,법제3조제16호-영제3조제1항제1호,공원,전북특별자치도 군산시 군산창1길 12(금동),전북특별자치도 군산시 금동 9-3,3,3,0,0,0,0,3,0,0,전북특별자치도 군산시청,,상시,,197004,공공기관-지방자치단체,수세식,N,N,,N,N,,197004,2025-07-01,I,2026-05-15 18:43:45,2025-07-02 17:46:28
4671000,202546710000100431,공중화장실,법제3조제16호-영제3조제1항제1호,공원,전북특별자치도 군산시 월명공원1길 26(해망동),전북특별자치도 군산시 해망동 998-2,3,3,0,0,0,0,3,0,0,전북특별자치도 군산시청,,상시,,197304,공공기관-지방자치단체,수세식,N,Y,여자화장실,N,N,,197304,2025-07-01,I,2026-05-15 18:43:46,2025-07-02 17:46:29
4671000,202546710000100432,공중화장실,법제3조제16호-영제3조제1항제1호,시장,전북특별자치도 군산시 구영5길 118-16(영화동),전북특별자치도 군산시 영화동 18-5,1,1,0,0,0,0,1,0,0,전북특별자치도 군산시청,,상시,,201912,공공기관-지방자치단체,수세식,N,N,,N,N,,201912,2025-07-01,I,2026-05-15 18:43:46,2025-07-02 17:46:29
4671000,202546710000100433,공중화장실,법제3조제16호-영제3조제1항제1호,어항,,전북특별자치도 군산시 비응도동 129,4,3,1,1,1,1,12,1,1,전북특별자치도 군산시청,,상시,,201005,공공기관-지방자치단체,수세식,N,N,,N,Y,남자화장실+여자화장실,201005,2025-07-01,I,2026-05-15 18:43:45,2025-07-02 17:46:29
4671000,202546710000100434,공중화장실,법제3조제16호-영제3조제1항제1호,주차장,,전북특별자치도 군산시 비응도동 93,2,1,1,1,1,1,7,1,0,전북특별자치도 군산시청,,상시,,200905,공공기관-지방자치단체,수세식,N,Y,여자화장실,N,Y,남자화장실+여자화장실,200905,2025-07-01,I,2026-05-15 18:43:46,2025-07-02 17:46:29
4671000,202546710000100435,공중화장실,법제3조제16호-영제3조제1항제1호,주차장,,전북특별자치도 군산시 비응도동 95,4,2,1,1,1,1,10,1,1,전북특별자치도 군산시청,,상시,,200908,공공기관-지방자치단체,수세식,N,Y,여자화장실,N,Y,남자화장실+여자화장실,200908,2025-07-01,I,2026-05-15 18:43:46,2025-07-02 17:46:29
4671000,202546710000100436,공중화장실,법제3조제16호-영제3조제1항제1호,비응도,전북특별자치도 군산시 새만금북로 27(비응도동),전북특별자치도 군산시 비응도동 36-7,3,7,1,1,1,1,13,1,0,전북특별자치도 군산시청,,상시,,201207,공공기관-지방자치단체,수세식,N,Y,여자화장실,N,Y,남자화장실+여자화장실,201207,2025-07-01,I,2026-05-15 18:43:46,2025-07-02 17:46:29
4671000,202546710000100437,공중화장실,법제3조제16호-영제3조제1항제1호,비응도,전북특별자치도 군산시 새만금북로 27(비응도동),전북특별자치도 군산시 비응도동 36-7,3,6,1,1,1,1,13,1,0,전북특별자치도 군산시청,,상시,,201204,공공기관-지방자치단체,수세식,N,Y,여자화장실,N,Y,남자화장실+여자화장실,201204,2025-07-01,I,2026-05-15 18:43:46,2025-07-02 17:46:29
4671000,202546710000100438,공중화장실,법제3조제16호-영제3조제1항제1호,공원,,전북특별자치도 군산시 오식도동 864,3,3,0,0,0,0,5,1,0,전북특별자치도 군산시청,,상시,,200707,공공기관-지방자치단체,수세식,N,Y,여자화장실,N,N,,200707,2025-07-01,I,2026-05-15 18:43:46,2025-07-02 17:46:29
4671000,202546710000100439,공중화장실,법제3조제16호-영제3조제1항제1호,공원,,전북특별자치도 군산시 오식도동 508,3,5,0,0,0,0,5,0,0,전북특별자치도 군산시청,,상시,,200708,공공기관-지방자치단체,수세식,N,Y,여자화장실,N,N,,200708,2025-07-01,I,2026-05-15 18:43:46,2025-07-02 17:46:29
4671000,202546710000100440,공중화장실,법제3조제16호-영제3조제1항제1호,공원,전북특별자치도 군산시 자여로 254(오식도동),전북특별자치도 군산시 오식도동 700,2,2,0,0,0,0,3,0,0,전북특별자치도 군산시청,,상시,,199804,공공기관-지방자치단체,수세식,N,N,,N,N,,199804,2025-07-01,I,2026-05-15 18:43:46,2025-07-02 17:46:29
4671000,202546710000100441,공중화장실,법제3조제16호-영제3조제1항제1호,공원,,전북특별자치도 군산시 산북동 3543-3,1,2,0,0,0,0,3,0,0,전북특별자치도 군산시청,,상시,,201406,공공기관-지방자치단체,수세식,N,Y,여자화장실,N,Y,여자화장실,201406,2025-07-01,I,2026-05-15 18:43:46,2025-07-02 17:46:29
4671000,202546710000100442,공중화장실,법제3조제16호-영제3조제1항제1호,공원,전북특별자치도 군산시 칠성4길 156(산북동),전북특별자치도 군산시 산북동 3532,1,1,0,0,0,0,1,0,0,전북특별자치도 군산시청,,상시,,199609,공공기관-지방자치단체,수세식,N,Y,여자화장실,N,Y,여자화장실,199609,2025-07-01,I,2026-05-15 18:43:45,2025-07-02 17:46:29
4671000,202546710000100443,공중화장실,법제3조제16호-영제3조제1항제1호,공원,전북특별자치도 군산시 솔꼬지1길 46(소룡동),전북특별자치도 군산시 소룡동 1071-3,4,3,0,0,0,0,4,0,0,전북특별자치도 군산시청,,상시,,200706,공공기관-지방자치단체,수세식,N,Y,여자화장실,N,N,,200706,2025-07-01,I,2026-05-15 18:43:45,2025-07-02 17:46:29
4671000,202546710000100444,공중화장실,법제3조제16호-영제3조제1항제1호,공원,,전북특별자치도 군산시 소룡동 산 127-1,3,3,0,0,0,0,3,0,0,전북특별자치도 군산시청,,상시,,200205,공공기관-지방자치단체,수세식,N,Y,여자화장실,N,N,,200205,2025-07-01,I,2026-05-15 18:43:46,2025-07-02 17:46:29
4671000,202546710000100445,공중화장실,법제3조제16호-영제3조제1항제1호,체육,,전북특별자치도 군산시 소룡동 237-1,2,3,0,0,0,0,10,0,0,전북특별자치도 군산시청,,상시,,201505,공공기관-지방자치단체,수세식,N,Y,여자화장실,N,N,,201505,2025-07-01,I,2026-05-15 18:43:46,2025-07-02 17:46:29
4671000,202546710000100446,공중화장실,법제3조제16호-영제3조제1항제1호,공원,전북특별자치도 군산시 해망로 546-32(소룡동),전북특별자치도 군산시 소룡동 1675-1(소룡동체육공원2차),4,3,0,1,1,1,7,1,1,전북특별자치도 군산시청,,상시,,201807,공공기관-지방자치단체,수세식,N,Y,장애인화장실+여자화장실,N,Y,여자화장실,201807,2025-07-01,I,2026-05-15 18:43:46,2025-07-02 17:46:29
4671000,202546710000100447,공중화장실,법제3조제16호-영제3조제1항제1호,공원,전북특별자치도 군산시 해망로 546-32(소룡동),전북특별자치도 군산시 소룡동 1675-1(소룡동체육공원1차),4,3,1,1,1,1,7,1,1,전북특별자치도 군산시청,,상시,,201808,공공기관-지방자치단체,수세식,N,Y,장애인화장실+여자화장실,N,Y,여자화장실,201808,2025-07-01,I,2026-05-15 18:43:45,2025-07-02 17:46:29
4671000,202546710000100448,공중화장실,법제3조제16호-영제3조제1항제1호,어항,,전북특별자치도 군산시 해망동 1011-42,1,2,0,0,0,0,2,0,0,전북특별자치도 군산시청,,상시,,201909,공공기관-지방자치단체,수세식,N,Y,여자화장실,N,N,,201909,2025-07-01,I,2026-05-15 18:43:46,2025-07-02 17:46:29
4671000,202546710000100449,공중화장실,법제3조제16호-영제3조제1항제1호,주차장,,전북특별자치도 군산시 해망동 1000-9,4,3,0,0,0,0,7,0,0,전북특별자치도 군산시청,,상시,,200708,공공기관-지방자치단체,수세식,N,Y,여자화장실,Y,N,,200708,2025-07-01,I,2026-05-15 18:43:46,2025-07-02 17:46:29
4671000,202546710000100450,공중화장실,법제3조제16호-영제3조제1항제1호,공원,,전북특별자치도 군산시 나운동 45-3,1,1,0,0,0,0,1,0,0,전북특별자치도 군산시청,,상시,,199608,공공기관-지방자치단체,수세식,N,Y,여자화장실,N,N,,199608,2025-07-01,I,2026-05-15 18:43:45,2025-07-02 17:46:29
4671000,202546710000100451,공중화장실,법제3조제16호-영제3조제1항제1호,공원,,전북특별자치도 군산시 나운동 45-5,2,2,0,0,0,0,2,0,0,전북특별자치도 군산시청,,상시,,201002,공공기관-지방자치단체,수세식,N,Y,여자화장실,N,N,,201002,2025-07-01,I,2026-05-15 18:43:46,2025-07-02 17:46:29
4671000,202546710000100452,공중화장실,법제3조제16호-영제3조제1항제1호,공원,전북특별자치도 군산시 남수송5길 43(수송동),전북특별자치도 군산시 수송동 785,2,3,0,0,0,0,6,0,0,전북특별자치도 군산시청,,상시,,200910,공공기관-지방자치단체,수세식,N,Y,여자화장실,N,Y,여자화장실,200910,2025-07-01,I,2026-05-15 18:43:46,2025-07-02 17:46:29
4671000,202546710000100453,공중화장실,법제3조제16호-영제3조제1항제1호,공원,전북특별자치도 군산시 축동로 72(수송동),전북특별자치도 군산시 수송동 798-1,2,3,0,0,0,0,6,0,0,전북특별자치도 군산시청,,상시,,200908,공공기관-지방자치단체,수세식,N,Y,여자화장실,N,Y,여자화장실,200908,2025-07-01,I,2026-05-15 18:43:46,2025-07-02 17:46:29
4671000,202546710000100454,공중화장실,법제3조제16호-영제3조제1항제1호,공원,전북특별자치도 군산시 수송동로 58(수송동),전북특별자치도 군산시 수송동 851,2,3,0,0,0,0,6,0,0,전북특별자치도 군산시청,,상시,,200909,공공기관-지방자치단체,수세식,N,Y,여자화장실,N,Y,여자화장실,200909,2025-07-01,I,2026-05-15 18:43:45,2025-07-02 17:46:29
4671000,202546710000100455,공중화장실,법제3조제16호-영제3조제1항제1호,공원,,전북특별자치도 군산시 지곡동 564-1,1,1,0,0,0,0,1,0,0,전북특별자치도 군산시청,,상시,,199606,공공기관-지방자치단체,수세식,N,Y,여자화장실,N,Y,여자화장실,199606,2025-07-01,I,2026-05-15 18:43:46,2025-07-02 17:46:29
4671000,202546710000100456,공중화장실,법제3조제16호-영제3조제1항제1호,공원,,전북특별자치도 군산시 지곡동 531,1,1,0,0,0,0,1,0,0,전북특별자치도 군산시청,,상시,,199607,공공기관-지방자치단체,수세식,N,Y,여자화장실,N,N,,199607,2025-07-01,I,2026-05-15 18:43:46,2025-07-02 17:46:29
4671000,202546710000100457,공중화장실,법제3조제16호-영제3조제1항제1호,공원,,전북특별자치도 군산시 지곡동 156-5,2,3,0,0,0,0,3,0,0,전북특별자치도 군산시청,,상시,,200707,공공기관-지방자치단체,수세식,N,Y,여자화장실,N,N,,200707,2025-07-01,I,2026-05-15 18:43:46,2025-07-02 17:46:29
4671000,202546710000100458,공중화장실,법제3조제16호-영제3조제1항제1호,공원,,전북특별자치도 군산시 지곡동 510-5,1,1,0,0,0,0,1,0,0,전북특별자치도 군산시청,,상시,,199605,공공기관-지방자치단체,수세식,N,Y,여자화장실,N,N,,199605,2025-07-01,I,2026-05-15 18:43:45,2025-07-02 17:46:29
4671000,202546710000100459,공중화장실,법제3조제16호-영제3조제1항제1호,공원,,전북특별자치도 군산시 나운동 155-8,2,3,0,0,0,0,2,0,0,전북특별자치도 군산시청,,상시,,199605,공공기관-지방자치단체,수세식,N,Y,여자화장실,N,N,,199605,2025-07-01,I,2026-05-15 18:43:46,2025-07-02 17:46:29
4671000,202546710000100460,공중화장실,법제3조제16호-영제3조제1항제1호,공원,,전북특별자치도 군산시 나운동 153-10,1,2,0,0,0,0,1,0,0,전북특별자치도 군산시청,,상시,,199608,공공기관-지방자치단체,수세식,N,Y,여자화장실,N,N,,199608,2025-07-01,I,2026-05-15 18:43:46,2025-07-02 17:46:29
4671000,202546710000100461,공중화장실,법제3조제16호-영제3조제1항제1호,공원,,전북특별자치도 군산시 나운동 156,2,3,0,0,0,0,2,0,0,전북특별자치도 군산시청,,상시,,199608,공공기관-지방자치단체,수세식,N,Y,여자화장실,N,N,,199608,2025-07-01,I,2026-05-15 18:43:46,2025-07-02 17:46:29
4671000,202546710000100462,공중화장실,법제3조제16호-영제3조제1항제1호,시장,전북특별자치도 군산시 대학로 303-6(나운동),전북특별자치도 군산시 나운동 836-13,3,4,0,0,0,0,8,0,0,전북특별자치도 군산시청,,상시,,201007,공공기관-지방자치단체,수세식,N,Y,여자화장실,N,N,,201007,2025-07-01,I,2026-05-15 18:43:45,2025-07-02 17:46:29
4671000,202546710000100463,공중화장실,법제3조제16호-영제3조제1항제1호,공원,,전북특별자치도 군산시 나운동 1072-2,3,4,0,0,0,0,6,0,0,전북특별자치도 군산시청,,상시,,200607,공공기관-지방자치단체,수세식,N,Y,여자화장실,N,N,,200607,2025-07-01,I,2026-05-15 18:43:46,2025-07-02 17:46:29
4671000,202546710000100464,공중화장실,법제3조제16호-영제3조제1항제1호,공원,전북특별자치도 군산시 청소년회관로 84(소룡동),전북특별자치도 군산시 소룡동 산 120(월명공원관리소),2,3,0,0,0,0,3,0,0,전북특별자치도 군산시청,,상시,,200206,공공기관-지방자치단체,수세식,N,Y,여자화장실,N,N,,200206,2025-07-01,I,2026-05-15 18:43:46,2025-07-02 17:46:29
4671000,202546710000100465,공중화장실,법제3조제16호-영제3조제1항제1호,공원,전북특별자치도 군산시 청소년회관로 84(소룡동),전북특별자치도 군산시 소룡동 산 120(나운배수지),3,5,0,0,0,0,6,0,0,전북특별자치도 군산시청,,상시,,200204,공공기관-지방자치단체,수세식,N,Y,여자화장실,N,Y,여자화장실,200204,2025-07-01,I,2026-05-15 18:43:46,2025-07-02 17:46:29
4671000,202546710000100466,공중화장실,법제3조제16호-영제3조제1항제1호,공원,,전북특별자치도 군산시 소룡동 1544,1,1,0,0,0,0,1,0,0,전북특별자치도 군산시청,,상시,,200404,공공기관-지방자치단체,수세식,N,Y,여자화장실,N,N,,200404,2025-07-01,I,2026-05-15 18:43:46,2025-07-02 17:46:29
4671000,202546710000100467,공중화장실,법제3조제16호-영제3조제1항제1호,공원,전북특별자치도 군산시 백릉안2길 20-1(경장동),전북특별자치도 군산시 경장동 494-18,1,1,0,0,0,0,1,0,0,전북특별자치도 군산시청,,상시,,199606,공공기관-지방자치단체,수세식,N,Y,여자화장실,N,N,,199606,2025-07-01,I,2026-05-15 18:43:45,2025-07-02 17:46:29
4671000,202546710000100468,공중화장실,법제3조제16호-영제3조제1항제1호,시장,전북특별자치도 군산시 경암2길 20(경암동),전북특별자치도 군산시 경암동 679-2,2,3,0,0,0,0,3,0,0,전북특별자치도 군산시청,,상시,,200804,공공기관-지방자치단체,수세식,N,Y,여자화장실,N,N,,200804,2025-07-01,I,2026-05-15 18:43:45,2025-07-02 17:46:29
4671000,202546710000100469,공중화장실,법제3조제16호-영제3조제1항제1호,기타,전북특별자치도 군산시 경촌4길 8(경암동),전북특별자치도 군산시 경암동 528-7,2,3,0,0,0,0,4,0,0,전북특별자치도 군산시청,,상시,,199704,공공기관-지방자치단체,수세식,N,Y,여자화장실,N,N,,199704,2025-07-01,I,2026-05-15 18:43:46,2025-07-02 17:46:29
4671000,202546710000100470,공중화장실,법제3조제16호-영제3조제1항제1호,공원,,전북특별자치도 군산시 미원동 236-5,3,3,0,0,0,0,6,0,0,전북특별자치도 군산시청,,상시,,201403,공공기관-지방자치단체,수세식,N,Y,장애인화장실+여자화장실,N,N,,201403,2025-07-01,I,2026-05-15 18:43:45,2025-07-02 17:46:29
4671000,202546710000100471,공중화장실,법제3조제16호-영제3조제1항제1호,관광지,,전북특별자치도 군산시 옥도면 선유도리 제1주차장 내(공유수면),1,3,1,1,0,0,3,1,0,전북특별자치도 군신시청,,상시,,202009,공공기관-지방자치단체,수세식,N,Y,여자화장실,N,Y,남자화장실+여자화장실,202009,2025-07-01,I,2026-05-15 18:43:46,2025-07-02 17:46:29
4671000,202546710000100472,공중화장실,법제3조제16호-영제3조제1항제1호,시장,전북특별자치도 군산시 구암3.1로 13(대명동),전북특별자치도 군산시 대명동 138-3,5,4,0,0,0,0,8,0,0,전북특별자치도 군산시청,,상시,,201309,공공기관-지방자치단체,수세식,N,Y,여자화장실,N,N,,201309,2025-07-01,I,2026-05-15 18:43:45,2025-07-02 17:46:29
4671000,202546710000100473,공중화장실,법제3조제16호-영제3조제1항제1호,시장,전북특별자치도 군산시 동신영길 56(신영동),전북특별자치도 군산시 경장동 7-9,1,1,1,0,0,0,2,1,0,전북특별자치도 군산시청,,상시,,200602,공공기관-지방자치단체,수세식,N,Y,여자화장실,N,Y,여자화장실,200602,2025-07-01,I,2026-05-15 18:43:46,2025-07-02 17:46:29
4671000,202546710000100474,공중화장실,법제3조제16호-영제3조제1항제1호,주차장,,전북특별자치도 군산시 금암동 73-51,4,5,0,0,0,0,5,0,0,전북특별자치도 군산시청,,상시,,200402,공공기관-지방자치단체,수세식,N,Y,여자화장실,N,N,,200402,2025-07-01,I,2026-05-15 18:43:45,2025-07-02 17:46:29
4671000,202546710000100475,공중화장실,법제3조제16호-영제3조제1항제1호,주차장,,전북특별자치도 군산시 개복동 1-3,2,3,0,0,0,0,4,0,0,전북특별자치도 군산시청,,상시,,201509,공공기관-지방자치단체,수세식,N,Y,여자화장실,N,N,,201509,2025-07-01,I,2026-05-15 18:43:46,2025-07-02 17:46:29
4671000,202546710000100476,공중화장실,법제3조제16호-영제3조제1항제1호,공원,,전북특별자치도 군산시 월명동 34-12,3,5,0,0,0,0,4,0,0,전북특별자치도 군산시청,,상시,,200609,공공기관-지방자치단체,수세식,N,Y,장애인화장실,N,N,,200609,2025-07-01,I,2026-05-15 18:43:46,2025-07-02 17:46:29
4671000,202546710000100477,개방화장실,법제3조제16호-영제3조제1항제1호,임피면사무소,전북특별자치도 군산시 임피면 남상2길 1,전북특별자치도 군산시 임피면 읍내리 216-1,2,6,2,0,0,0,2,2,0,임피면사무소,0634547106,정시,9시간,200611,공공기관-지방자치단체,수세식,N,Y,장애인화장실,N,N,,200611,2025-07-01,I,2026-05-15 18:43:46,2025-07-02 17:46:29
4671000,202546710000100478,개방화장실,법제3조제16호-영제3조제1항제1호,삼학동주민센터,전북특별자치도 군산시 미원로 17,전북특별자치도 군산시 오룡동 827-1,1,1,1,1,0,0,3,1,0,군산시 삼학동 주민센터,,정시,9시간,201204,공공기관-지방자치단체,수세식,N,N,,N,N,,,2025-07-01,I,2026-05-15 18:43:46,2025-07-02 17:46:29
4671000,202546710000100479,공중화장실,법제3조제16호-영제3조제1항제1호,청암산(회현)화장실,,전북특별자치도 군산시 회현면 세장리 465,3,3,1,1,0,0,5,1,0,군산시 환경정책과,,상시,,201703,공공기관-지방자치단체,수거식,N,Y,여자화장실,N,N,,,2025-07-01,I,2026-05-15 18:43:45,2025-07-02 17:46:29
4671000,202546710000100480,개방화장실,법제3조제16호-영제3조제1항제1호,청암산(회현)화장실,전북특별자치도 군산시 회현면 회현로 181 회현면사무소,전북특별자치도 군산시 회현면 대정리 23,2,1,1,1,0,0,2,0,0,군산시 회현면사무소,0634547070,정시,9시간,202503,공공기관-지방자치단체,수세식,N,N,,N,N,,,2025-07-01,I,2026-05-15 18:43:45,2025-07-02 17:46:29
4671000,202546710000100481,공중화장실,법제3조제16호-영제3조제1항제1호,근대역사박물관 야외화장실,전북특별자치도 군산시 해망로 240,,3,5,1,0,0,0,6,1,0,전북특별자치도 군산시,,상시,,201105,공공기관-지방자치단체,수세식,N,N,,Y,Y,남자화장실+여자화장실,,2025-07-01,I,2026-05-15 18:43:46,2025-07-02 17:46:29
4671000,202546710000100482,공중화장실,법제3조제16호-영제3조제1항제1호,진포해양테마공원 야외화장실(입구),전북특별자치도 군산시 내항1길 12,,2,2,1,1,0,0,5,0,0,전북특별자치도 군산시,,상시,,198008,공공기관-지방자치단체,수거식,N,N,,Y,Y,여자화장실,,2025-07-01,I,2026-05-15 18:43:45,2025-07-02 17:46:29
4671000,202546710000100483,공중화장실,법제3조제16호-영제3조제1항제1호,진포해양테마공원 야외화장실(출구),전북특별자치도 군산시 내항1길 12,,1,3,1,1,0,0,4,0,0,전북특별자치도 군산시,,상시,,198008,공공기관-지방자치단체,수거식,N,N,,Y,Y,여자화장실,,2025-07-01,I,2026-05-15 18:43:45,2025-07-02 17:46:29
4671000,202546710000100484,공중화장실,법제3조제16호-영제3조제1항제1호,철새조망대 야외화장실,전북특별자치도 군산시 철새로 120,,2,4,1,1,0,0,4,0,0,전북특별자치도 군산시,,상시,,200306,공공기관-지방자치단체,수거식,N,N,,N,N,,,2025-07-01,I,2026-05-15 18:43:45,2025-07-02 17:46:29
4671000,202546710000100485,공중화장실,법제3조제16호-영제3조제1항제1호,철새조망대 조류공원 야외화장실,전북특별자치도 군산시 철새로 120,,3,4,1,1,0,0,4,0,0,전북특별자치도 군산시,,상시,,200306,공공기관-지방자치단체,수세식,N,N,,Y,N,,,2025-07-01,I,2026-05-15 18:43:46,2025-07-02 17:46:29
4671000,202546710000100486,개방화장실,법제3조제16호-영제3조제1항제1호,개정면사무소,전북특별자치도 군산시 개정면 바르메길 42,전북특별자치도 군산시 개정면 발산리 86-9,1,2,1,0,0,0,1,1,0,군산시 개정면,0634547199,정시,9시간,200209,공공기관-지방자치단체,수세식,N,N,,N,N,,,2025-07-01,I,2026-05-15 18:43:46,2025-07-02 17:46:29
4671000,202546710000100487,개방화장실,법제3조제16호-영제3조제1항제1호,군산시청,전북특별자치도 군산시 시청로 17,전북특별자치도 군산시 조촌동 888,58,52,1,13,0,0,47,1,0,군산시 군산시청,0634543891,정시,10시간,199612,공공기관-지방자치단체,수세식,N,N,,N,Y,남자화장실+여자화장실,199612,2025-07-01,I,2026-05-15 18:43:46,2025-07-02 17:46:29
4671000,202546710000100488,개방화장실,법제3조제16호-영제3조제1항제1호,군산시 나운3동 주민센터,전북특별자치도 군산시 부곡1길25 (나운동),전북특별자치도 군산시 나운동 868-4,4,4,0,0,0,0,4,2,0,군산시 나운3동 주민센터,0634547750,정시,9시간,200407,공공기관-지방자치단체,수세식,N,N,,N,N,,200407,2025-07-01,I,2026-05-15 18:43:45,2025-07-02 17:46:29
4671000,202546710000100489,개방화장실,법제3조제16호-영제3조제1항제1호,옥도면사무소,전북특별자치도 군산시 내항2길 125,전북특별자치도 군산시 금동1-18,4,8,0,0,0,0,6,0,0,군산시 옥도면사무소,0634547285,정시,9시간,199704,공공기관-지방자치단체,수세식,N,N,,N,N,,199704,2025-07-01,I,2026-05-15 18:43:45,2025-07-02 17:46:29
4671000,202546710000100490,개방화장실,법제3조제16호-영제3조제1항제1호,미성동주민센터,전북특별자치도 군산시 미성문화길 4-5,전북특별자치도 군산시 산북동 2476-1,1,3,1,0,0,0,2,1,0,군산시 미성동주민센터,0634547820,정시,9시간,200304,공공기관-지방자치단체,수세식,N,N,,N,N,,200304,2025-07-01,I,2026-05-15 18:43:45,2025-07-02 17:46:29
4671000,202546710000100491,공중화장실,법제3조제16호-영제3조제1항제1호,무녀도전망대,,전북특별자치도 군산시 옥도면 무녀도리 12-4,1,1,1,1,0,0,3,1,0,전북특별자치도 군산시청,,상시,,202006,공공기관-지방자치단체,수세식,N,Y,여자화장실,N,Y,여자화장실,,2025-07-01,I,2026-05-15 18:43:45,2025-07-02 17:46:29
4671000,202546710000100492,공중화장실,법제3조제16호-영제3조제1항제1호,조촌공원 화장실,전북특별자치도 군산시 궁포1로 51,전북특별자치도 군산시 조촌동 2-99,4,3,0,0,0,0,5,0,0,전북특별자치도 군산시청,,상시,,202006,공공기관-지방자치단체,수세식,N,Y,여자화장실,N,N,,202006,2025-07-01,I,2026-05-15 18:43:45,2025-07-02 17:46:29
4671000,202546710000100493,공중화장실,법제3조제16호-영제3조제1항제1호,기념관,,전북특별자치도 군산시 구암동 358-12,1,2,1,1,0,0,2,1,0,전북특별자치도 군산시청,,상시,,202012,공공기관-지방자치단체,수세식,N,N,,N,N,,202012,2025-07-01,I,2026-05-15 18:43:45,2025-07-02 17:46:29
4671000,202546710000100494,공중화장실,법제3조제16호-영제3조제1항제1호,기타,전북특별자치도 군산시 절골2길 17-1,전북특별자치도 군산시 신흥동 34-7,2,3,1,1,0,1,6,1,0,전북특별자치도 군산시청,,상시,,201702,공공기관-지방자치단체,수세식,N,N,,N,N,,201702,2025-07-01,I,2026-05-15 18:43:45,2025-07-02 17:46:29
4671000,202546710000100495,공중화장실,법제3조제16호-영제3조제1항제1호,공원,,전북특별자치도 군산시 산북동 3632-3,2,2,0,0,0,0,3,0,0,전북특별자치도 군산시청,,상시,,202008,공공기관-지방자치단체,수세식,N,N,,N,N,,202008,2025-07-01,I,2026-05-15 18:43:45,2025-07-02 17:46:29
4671000,202546710000100496,공중화장실,법제3조제16호-영제3조제1항제1호,공원,전북특별자치도 군산시 부원로 107 (산북동),전북특별자치도 군산시 산북동 3585-4,2,2,0,0,0,0,3,0,0,전북특별자치도 군산시청,,상시,,202008,공공기관-지방자치단체,수세식,N,N,,N,N,,202008,2025-07-01,I,2026-05-15 18:43:46,2025-07-02 17:46:29
4671000,202546710000100497,공중화장실,법제3조제16호-영제3조제1항제1호,기타,,전북특별자치도 군산시 옥도면 장자도리 공유수면(장자도주차장),3,3,1,1,1,1,9,1,1,전북특별자치도 군산시청,,상시,,201808,공공기관-지방자치단체,수세식,N,Y,장애인화장실+여자화장실,N,Y,여자화장실,201808,2025-07-01,I,2026-05-15 18:43:46,2025-07-02 17:46:29
4671000,202546710000100498,공중화장실,법제3조제16호-영제3조제1항제1호,기타,,전북특별자치도 군산시 옥도면 선유도리 망주봉일원(선유3구),1,1,1,1,0,0,3,1,0,전북특별자치도 군산시청,,상시,,201808,공공기관-지방자치단체,수세식,N,Y,여자화장실,N,Y,남자화장실+여자화장실,201808,2025-07-01,I,2026-05-15 18:43:45,2025-07-02 17:46:29
4671000,202546710000100499,공중화장실,법제3조제16호-영제3조제1항제1호,기타,전북특별자치도 군산시 옥도면 무녀도2길 42,전북특별자치도 군산시 옥도면 무녀도리 223-4(오토캠핑장),1,2,1,1,0,0,7,1,0,전북특별자치도 군산시청,,상시,,201812,공공기관-지방자치단체,수세식,N,Y,여자화장실,N,Y,남자화장실+여자화장실,201812,2025-07-01,I,2026-05-15 18:43:45,2025-07-02 17:46:29
4671000,202546710000100500,공중화장실,법제3조제16호-영제3조제1항제1호,기타,전북특별자치도 군산시 옥도면 선유북길 74-11,"전북특별자치도 군산시 옥도면 선유도리 279-8(선유2구, 보건소앞)",1,2,1,1,0,0,7,1,0,전북특별자치도 군산시청,,상시,,201812,공공기관-지방자치단체,수세식,N,Y,여자화장실,N,Y,남자화장실+여자화장실,201812,2025-07-01,I,2026-05-15 18:43:46,2025-07-02 17:46:29
4671000,202546710000100501,공중화장실,법제3조제16호-영제3조제1항제1호,기타,,전북특별자치도 군산시 옥도면 무녀도리2구항내,2,2,0,0,0,0,4,0,0,전북특별자치도 군산시청,,상시,,201708,공공기관-지방자치단체,수세식,N,N,,N,N,,201708,2025-07-01,I,2026-05-15 18:43:45,2025-07-02 17:46:29
4671000,202546710000100502,공중화장실,법제3조제16호-영제3조제1항제1호,기타,,전북특별자치도 군산시 옥도면 야미도항내(2),2,2,0,0,0,0,5,0,0,전북특별자치도 군산시청,,상시,,201609,공공기관-지방자치단체,수세식,N,N,,N,N,,201609,2025-07-01,I,2026-05-15 18:43:46,2025-07-02 17:46:29
4671000,202546710000100503,공중화장실,법제3조제16호-영제3조제1항제1호,기타,,전북특별자치도 군산시 옥도면 야미도항내(1),2,2,0,0,0,0,4,0,0,전북특별자치도 군산시청,,상시,,201609,공공기관-지방자치단체,수세식,N,N,,N,N,,201609,2025-07-01,I,2026-05-15 18:43:46,2025-07-02 17:46:29
4671000,202546710000100504,공중화장실,법제3조제16호-영제3조제1항제1호,기타,전북특별자치도 군산시 옥도면 장자도1길 20-1,전북특별자치도 군산시 옥도면 장자도리 127,2,2,0,0,0,0,4,0,0,전북특별자치도 군산시청,,상시,,201611,공공기관-지방자치단체,수세식,N,Y,여자화장실,N,N,,201611,2025-07-01,I,2026-05-15 18:43:45,2025-07-02 17:46:29
4671000,202546710000100505,공중화장실,법제3조제16호-영제3조제1항제1호,기타,전북특별자치도 군산시 옥도면 선여도3길 33-18,전북특별자치도 군산시 옥도면 선유도리 474(선유3구),2,2,1,1,0,0,5,1,0,전북특별자치도 군산시청,,상시,,201312,공공기관-지방자치단체,수세식,N,Y,여자화장실,N,N,,201312,2025-07-01,I,2026-05-15 18:43:46,2025-07-02 17:46:29
4671000,202546710000100506,공중화장실,법제3조제16호-영제3조제1항제1호,기타,,"전북특별자치도 군산시 옥도면 선유도 공유수면(선유2구, 5번)",1,2,1,1,0,0,1,0,0,전북특별자치도 군산시청,,상시,,199908,공공기관-지방자치단체,수세식,N,Y,여자화장실,N,Y,남자화장실+여자화장실,199908,2025-07-01,I,2026-05-15 18:43:45,2025-07-02 17:46:29
4671000,202546710000100507,개방화장실,법제3조제14호,군산공항 일반대합실,전북특별자치도 군산시 옥서면 산동길 2,,3,3,1,1,1,0,7,1,1,한국공항공사,0634698308,불규칙,항공기 운항시간대,201802,공공기관-국가공공기관,수세식,N,Y,장애인화장실,Y,Y,남자화장실+여자화장실,,2025-07-01,I,2026-05-15 18:43:46,2025-07-02 17:46:29
4671000,202546710000100508,공중화장실,법제3조제14호,군산공항 출발장(보호구역),전북특별자치도 군산시 옥서면 산동길 2,,1,1,1,1,0,0,3,1,0,한국공항공사,0634698308,불규칙,항공기 운항시간대,201802,공공기관-국가공공기관,수세식,N,Y,장애인화장실,Y,N,,,2025-07-01,I,2026-05-15 18:43:46,2025-07-02 17:46:29
4671000,202546710000100509,공중화장실,법제3조제14호,군산공항 도착장(보호구역),전북특별자치도 군산시 옥서면 산동길 2,,1,1,1,1,0,0,2,1,0,한국공항공사,0634698308,불규칙,항공기 운항시간대,201802,공공기관-국가공공기관,수세식,N,Y,장애인화장실,Y,N,,,2025-07-01,I,2026-05-15 18:43:46,2025-07-02 17:46:29
4671000,202546710000100510,개방화장실,법제3조제17호-영제3조제2항제1호,군산26센터,전북특별자치도 군산시 대학로 342,,1,3,0,0,0,0,2,0,0,군산26센터,,불규칙,영업시간,199905,민간,수세식,N,N,,N,N,,,2025-07-01,U,2026-05-19 03:03:03,2026-05-18 17:16:32
4671000,202546710000100511,개방화장실,법제3조제16호-영제3조제1항제2호,성흥사,전북특별자치도 군산시 오성로 134-16,,3,1,0,0,0,0,0,0,0,성흥사,,불규칙,영업시간,200101,민간,수세식,N,N,,N,N,,,2025-07-01,U,2026-05-19 03:03:03,2026-05-18 17:16:08
4671000,202546710000100512,개방화장실,법제3조제16호-영제3조제1항제2호,나포 길벗공동체,전북특별자치도 군산시 철새로 1127-19,,2,2,0,0,0,0,0,0,0,나포 길벗공동체,,불규칙,영업시간,201007,민간,수세식,N,N,,N,N,,,2025-07-01,U,2026-05-19 03:03:03,2026-05-18 17:15:50
4671000,202546710000100513,개방화장실,법제3조제16호-영제3조제1항제2호,군산세광교회,전북특별자치도 군산시 구영신창길 45,,2,4,0,0,0,0,3,0,0,군산세광교회,,불규칙,영업시간,200911,민간,수세식,N,N,,N,N,,,2025-07-01,I,2026-05-15 18:43:46,2025-07-02 17:46:29
4671000,202546710000100514,개방화장실,법제3조제17호-영제3조제2항제3호,컨츄리맨,전북특별자치도 군산시 구영3길 31,,1,1,0,0,0,0,0,0,0,컨츄리맨,,불규칙,영업시간,199908,민간,수세식,N,N,,N,N,,,2025-07-01,I,2026-05-15 18:43:46,2025-07-02 17:46:29
4671000,202546710000100515,개방화장실,법제3조제17호-영제3조제2항제3호,스위트인디아,전북특별자치도 군산시 우체통거리1길 14,,1,1,0,0,0,0,1,0,0,스위트인디아,,불규칙,영업시간,200012,민간,수세식,N,N,,N,N,,,2025-07-01,I,2026-05-15 18:43:46,2025-07-02 17:46:29
4671000,202546710000100516,개방화장실,법제3조제17호-영제3조제2항제1호,삼일빌딩,전북특별자치도 군산시 번영로 38,,1,2,0,0,0,0,1,0,0,삼일빌딩,,불규칙,영업시간,196201,민간,수세식,N,N,,N,N,,,2025-07-01,I,2026-05-15 18:43:46,2025-07-02 17:46:29
4671000,202546710000100517,개방화장실,법제3조제17호-영제3조제2항제3호,국일다방,전북특별자치도 군산시 구영7길 66-5,,2,1,0,0,0,0,0,0,0,국일다방,,불규칙,영업시간,193501,민간,수세식,N,N,,N,N,,,2025-07-01,I,2026-05-15 18:43:45,2025-07-02 17:46:29
4671000,202546710000100518,개방화장실,법제3조제17호-영제3조제2항제1호,대장봉마트,전북특별자치도 군산시 대장도리 18,,1,0,0,0,0,0,0,0,0,대장봉마트,,불규칙,영업시간,199210,민간,수세식,N,N,,N,N,,,2025-07-01,I,2026-05-15 18:43:45,2025-07-02 17:46:29
4671000,202546710000100519,개방화장실,법제3조제17호-영제3조제2항제3호,으뜸횟집,전북특별자치도 군산시 선유도1길 236,,2,0,0,0,0,0,2,0,0,으뜸횟집,,불규칙,영업시간,199212,민간,수세식,N,N,,N,N,,,2025-07-01,I,2026-05-15 18:43:45,2025-07-02 17:46:29
4671000,202546710000100520,개방화장실,법제3조제17호-영제3조제2항제3호,군산셀프세차타운,전북특별자치도 군산시 경장동 503-11,,1,1,0,0,0,0,1,0,0,군산셀프세차타운,,상시,,193001,민간,수세식,N,N,,N,N,,,2025-07-01,I,2026-05-15 18:43:46,2025-07-02 17:46:29
4671000,202546710000100521,개방화장실,법제3조제17호-영제3조제2항제3호,선유횟집,전북특별자치도 군산시 선유북길 125-1,,2,2,0,0,0,0,2,0,0,선유횟집,,불규칙,영업시간,201601,민간,수세식,N,N,,N,N,,,2025-07-01,I,2026-05-15 18:43:46,2025-07-02 17:46:29
4671000,202546710000100522,개방화장실,법제3조제16호-영제3조제1항제1호,우체통거리 홍보관,전북특별자치도 군산시 우체통거리2길 19,,1,1,0,0,0,0,1,0,0,우체통거리 홍보관,,불규칙,영업시간,201709,공공기관-지방공공기관(지방공기업/지방출자출연기관),수세식,N,N,,N,N,,,2025-07-01,I,2026-05-15 18:43:46,2025-07-02 17:46:29
4671000,202546710000100523,개방화장실,법제3조제16호-영제3조제1항제1호,삼학시장1,전북특별자치도 군산시 삼학8길 62,,1,1,0,0,0,0,1,0,0,삼학시장,,불규칙,영업시간,201308,공공기관-지방공공기관(지방공기업/지방출자출연기관),수세식,N,N,,N,N,,,2025-07-01,I,2026-05-15 18:43:46,2025-07-02 17:46:29
4671000,202546710000100524,개방화장실,법제3조제16호-영제3조제1항제1호,삼학시장2,전북특별자치도 군산시 삼학8길 58,,1,1,0,0,0,0,1,0,0,삼학시장,,불규칙,영업시간,201807,공공기관-지방공공기관(지방공기업/지방출자출연기관),수세식,N,N,,N,N,,,2025-07-01,I,2026-05-15 18:43:45,2025-07-02 17:46:29
4671000,202546710000100525,개방화장실,법제3조제16호-영제3조제1항제2호,동국사,전북특별자치도 군산시 동국사로 16 동국사,,1,1,0,0,0,0,2,0,0,동국사,,상시,,197203,민간,수세식,N,N,,N,N,,,2025-07-01,I,2026-05-15 18:43:45,2025-07-02 17:46:29
4671000,202546710000100526,개방화장실,법제3조제16호-영제3조제1항제1호,차량등록사업소,"전북특별자치도 군산시 구영2길 39, 군산시 차량등록사업소 (영화동)",전북특별자치도 군산시 영화동 14-1 군산시 차량등록사업소,2,4,1,0,0,0,6,1,0,차량등록사업소,0634545762,정시,평일 09:00 ~ 18:00,,공공기관-지방자치단체,수세식,N,N,,N,N,,201210,2025-07-01,I,2026-05-15 18:43:45,2025-07-02 17:46:29
4671000,202546710000100527,개방화장실,법제3조제16호-영제3조제1항제1호,군산역,"전북특별자치도 군산시 내흥2길 197, 군산역 (내흥동)",전북특별자치도 군산시 내흥동 474-14 군산역,3,4,1,1,0,0,7,1,1,한국철도공사,15447788,정시,05:00 ~ 익일 00:30,197902,공공기관-국가공공기관,수세식,N,Y,장애인화장실+남자화장실+여자화장실,N,Y,여자화장실,,2025-07-01,I,2026-05-15 18:43:46,2025-07-02 17:46:29
4671000,202546710000100528,개방화장실,법제3조제16호-영제3조제1항제1호,군산경찰서 개방화장실,전북특별자치도 군산시 구암3.1로 82,,1,1,1,0,0,0,1,1,0,군산경찰서,0634410224,정시,09:00~18:00,197902,공공기관-국가,수세식,N,Y,장애인화장실,Y,Y,여자화장실,,2025-07-01,I,2026-05-15 18:43:45,2025-07-02 17:46:29
4671000,202546710000100529,개방화장실,법제3조제16호-영제3조제1항제1호,군산우체국 1층 화장실,전북특별자치도 군산시 우체통거리1길 46-1,,2,4,0,0,0,0,3,0,0,군산우체국,0634406240,정시,정시(09:00∼18:00),195003,공공기관-국가,수세식,N,N,,N,N,,,2025-07-01,I,2026-05-15 18:43:46,2025-07-02 17:46:29
4671000,202546710000100530,개방화장실,법제3조제16호-영제3조제1항제1호,대야우체국 1층 정문화장실,전북특별자치도 군산시 대야면 지경리 766-15 번영로 883,,2,2,0,0,0,0,2,0,0,군산대야우체국,0634512001,정시,정시(09:00∼18:00),200912,공공기관-국가,수세식,N,N,,N,N,,,2025-07-01,I,2026-05-15 18:43:45,2025-07-02 17:46:29
4671000,202546710000100531,개방화장실,법제3조제16호-영제3조제1항제1호,경암동우체국 1층 화장실,전북특별자치도 군산시 경암동 612-11 해망로 38,,1,1,0,0,0,0,1,0,0,군산경암동우체국,0634457323,정시,정시(09:00∼18:00),199807,공공기관-국가,수거식,N,N,,N,N,,,2025-07-01,I,2026-05-15 18:43:46,2025-07-02 17:46:29
4671000,202546710000100532,개방화장실,법제3조제16호-영제3조제1항제1호,임피우체국 1층 화장실,전북특별자치도 군산시 임피면 읍내리 224-7 동군산로 683,,1,1,0,0,0,0,1,0,0,군산임피우체국,0634532300,정시,정시(09:00∼18:00),200012,공공기관-국가,수세식,N,N,,N,N,,,2025-07-01,I,2026-05-15 18:43:46,2025-07-02 17:46:29
4671000,202546710000100533,개방화장실,법제3조제16호-영제3조제1항제1호,옥서우체국 1층 화장실,전북특별자치도 군산시 옥서면 옥봉리 65-5 원성산1길 28,,1,1,0,0,0,0,1,0,0,군산옥서우체국,0634714800,정시,정시(09:00∼18:00),200410,공공기관-국가,수세식,N,N,,N,N,,,2025-07-01,I,2026-05-15 18:43:45,2025-07-02 17:46:29
4671000,202546710000100534,개방화장실,법제3조제16호-영제3조제1항제1호,회현우체국 1층 화장실,전북특별자치도 군산시 회현면 대정리 69-1 대위로 431,,0,0,0,0,0,0,0,0,0,군산회현우체국,0634666000,정시,정시(09:00∼18:00),199911,공공기관-국가,수세식,N,N,,N,N,,,2025-07-01,I,2026-05-15 18:43:45,2025-07-02 17:46:29
4671000,202546710000100535,개방화장실,법제3조제16호-영제3조제1항제1호,문화동우체국 1층 화장실,전북특별자치도 군산시 문화동 917-3 팔마로 14,,0,0,0,0,0,0,0,0,0,군산문화동우체국,0634620100,정시,정시(09:00∼18:00),198406,공공기관-국가,수세식,N,N,,N,N,,,2025-07-01,I,2026-05-15 18:43:46,2025-07-02 17:46:29
4671000,202546710000100536,개방화장실,법제3조제16호-영제3조제1항제1호,어청도우체국 1층 화장실,전북특별자치도 군산시 옥도면 어청도리 322-21 어청도길 49-2,,0,0,0,0,0,0,0,0,0,군산어청도우체국,0634667002,정시,정시(09:00∼18:00),199311,공공기관-국가,수세식,N,N,,N,N,,,2025-07-01,I,2026-05-15 18:43:46,2025-07-02 17:46:29
4671000,202546710000100537,개방화장실,법제3조제16호-영제3조제1항제1호,선유도우체국 1층 화장실,전북특별자치도 군산시 옥도면 선유도리 336 선유북길 69,,1,1,0,0,0,0,1,0,0,군산선유도우체국,0634657259,정시,정시(09:00∼18:00),201201,공공기관-국가,수세식,N,N,,N,N,,,2025-07-01,I,2026-05-15 18:43:46,2025-07-02 17:46:29
4671000,202546710000100538,개방화장실,법제3조제16호-영제3조제1항제1호,나운동우체국 1층 화장실,전북특별자치도 군산시 나운동 340-18 공단대로 400,,0,0,0,0,0,0,0,0,0,군산나운동우체국,0634661831,정시,정시(09:00∼18:00),199212,공공기관-국가,수세식,N,N,,N,N,,,2025-07-01,I,2026-05-15 18:43:46,2025-07-02 17:46:29
4671000,202546710000100539,개방화장실,법제3조제16호-영제3조제1항제1호,조촌동우체국 1층 화장실,전북특별자치도 군산시 조촌동 900-7 조촌로 13,,0,0,0,0,0,0,0,0,0,군산조촌동우체국,0634522106,정시,정시(09:00∼18:00),199412,공공기관-국가,수세식,N,N,,N,N,,,2025-07-01,I,2026-05-15 18:43:46,2025-07-02 17:46:29
4671000,202546710000100540,개방화장실,법제3조제16호-영제3조제1항제1호,나운2동우체국 1층 화장실,전북특별자치도 군산시 나운동 45-8 백토로 111,,0,0,0,0,0,0,0,0,0,군산나운2동우체국,0634620820,정시,정시(09:00∼18:00),199512,공공기관-국가,수세식,N,N,,N,N,,,2025-07-01,I,2026-05-15 18:43:45,2025-07-02 17:46:29
4671000,202546710000100541,개방화장실,법제3조제16호-영제3조제1항제1호,소룡동우체국 1층 화장실,전북특별자치도 군산시 소룡동 1525-12 공항로 89,,1,1,0,0,0,0,2,0,0,군산소룡동우체국,0634689100,정시,정시(09:00∼18:00),200512,공공기관-국가,수거식,N,N,,N,N,,,2025-07-01,I,2026-05-15 18:43:46,2025-07-02 17:46:29
4671000,202546710000100542,개방화장실,법제3조제16호-영제3조제1항제1호,지곡동우체국 1층 화장실,전북특별자치도 군산시 지곡동 491-1 백토로 227,,0,0,0,0,0,0,0,0,0,군산지곡동우체국,0634630077,정시,정시(09:00∼18:00),199812,공공기관-국가,수거식,N,N,,N,N,,,2025-07-01,I,2026-05-15 18:43:46,2025-07-02 17:46:29
4671000,202546710000100543,개방화장실,법제3조제16호-영제3조제1항제1호,옥구우체국 1층 화장실,전북특별자치도 군산시 옥구읍 선제리 92-7 상평로 17,,1,1,0,0,0,0,1,0,0,군산옥구우체국,0634649718,정시,정시(09:00∼18:00),200312,공공기관-국가,수거식,N,N,,N,N,,,2025-07-01,I,2026-05-15 18:43:46,2025-07-02 17:46:29
4671000,202546710000100544,개방화장실,법제3조제16호-영제3조제1항제1호,산업단지우체국 1층 화장실,전북특별자치도 군산시 오식도동 624-11 요죽3길 14,,1,1,0,0,0,0,1,0,0,군산산업단지우체국,0634685977,정시,정시(09:00∼18:00),201112,공공기관-국가,수세식,N,N,,N,N,,,2025-07-01,I,2026-05-15 18:43:46,2025-07-02 17:46:29
4671000,202546710000100545,개방화장실,법제3조제16호-영제3조제1항제1호,"수송동우체국 1층 장애인화장실,2층 화장실",전북특별자치도 군산시 월명로 211,,1,1,1,0,0,0,3,1,0,군산수송동우체국,0637310071,정시,정시(09:00∼18:00),201612,공공기관-국가,수세식,N,N,,N,N,,,2025-07-01,I,2026-05-15 18:43:46,2025-07-02 17:46:29
4671000,202546710000100546,개방화장실,법제3조제16호-영제3조제1항제1호,군산세관 본관(1층),전북특별자치도 군산시 해망로 244-7,,1,3,1,1,0,0,1,1,0,군산세관,0637308722,정시,정시(09:00∼18:00),199312,공공기관-국가,수거식,N,N,,N,N,,,2025-07-01,I,2026-05-15 18:43:46,2025-07-02 17:46:29
4671000,202546710000100547,개방화장실,법제3조제16호-영제3조제1항제1호,군산세관 본관(2층),전북특별자치도 군산시 해망로 244-7,,2,2,0,0,0,0,1,0,0,군산세관,0637308722,정시,정시(09:00∼18:00),199312,공공기관-국가,수거식,N,N,,N,N,,,2025-07-01,I,2026-05-15 18:43:45,2025-07-02 17:46:29
4671000,202546710000100548,개방화장실,법제3조제16호-영제3조제1항제1호,군산세관 주감시소 민원실,전북특별자치도 군산시 서해로 226,,1,2,1,0,0,0,2,0,0,군산세관,0637308773,정시,정시(09:00~18:00),201112,공공기관-국가,수세식,N,N,,N,N,,,2025-07-01,I,2026-05-15 18:43:45,2025-07-02 17:46:29
4671000,202546710000100549,공중화장실,법제3조제16호-영제3조제1항제1호,군산세관 컨테이너검색센터,전북특별자치도 군산시 서해로 400,,1,2,0,0,0,0,1,0,0,군산세관,0637308725,정시,정시(09:00~18:00),200611,공공기관-국가,수세식,N,N,,N,N,,,2025-07-01,I,2026-05-15 18:43:46,2025-07-02 17:46:29
4671000,202546710000100550,공중화장실,법제3조제16호-영제3조제1항제1호,농림축산검역본부 호남지역본부,전북특별자치도 군산시 미장8길7,,2,1,1,1,0,0,3,1,0,농림축산검역본부 호남지역본부,0634609413,정시,정시(08:00∼20:00),201705,공공기관-국가,수세식,N,N,,Y,Y,여자화장실,,2025-07-01,I,2026-05-15 18:43:46,2025-07-02 17:46:29
4671000,202546710000100551,공중화장실,법제3조제16호-영제3조제1항제1호,전북지원 군산사무소 1층,전북특별자치도 군산시 조촌5길 59,,1,2,1,0,0,0,2,0,0,농림축산식품부 국립농산물품질관리원,0634526399,정시,정시(09:00∼18:00),199512,공공기관-국가,수세식,N,N,,N,N,,,2025-07-01,I,2026-05-15 18:43:45,2025-07-02 17:46:29
4671000,202546710000100552,개방화장실,법제3조제16호-영제3조제1항제1호,전주출입국·외국인사무소군산출장소 1층,전북특별자치도 군산시 대학로 151-1,,2,1,1,1,0,0,2,1,0,전주출입국?외국인사무소 군산출장소,0634408422,정시,정시(09:00∼18:00),202012,공공기관-국가,수세식,N,Y,장애인화장실,N,Y,남자화장실+여자화장실,,2025-07-01,I,2026-05-15 18:43:45,2025-07-02 17:46:29
4671000,202546710000100553,공중화장실,법제3조제16호-영제3조제1항제1호,군산지사 1층 화장실,전북특별자치도 군산시 조촌4길 89,,1,2,0,0,0,0,2,0,0,국민건강보험공단군산지사,0634508710,정시,정시(09:00∼18:00),199411,공공기관-국가,수세식,N,Y,장애인화장실,N,N,,,2025-07-01,I,2026-05-15 18:43:45,2025-07-02 17:46:29
4671000,202546710000100554,공중화장실,법제3조제16호-영제3조제1항제1호,국립신시도자연휴양림방문자안내센터 화장실,전북특별자치도 군산시 옥도면 신시도길 271,,2,2,1,0,0,0,4,1,0,국립자연휴양림관리소,0634645580,정시,정시(09:00∼18:00),202103,공공기관-국가,수세식,N,Y,장애인화장실,N,N,,,2025-07-01,I,2026-05-15 18:43:45,2025-07-02 17:46:29
4671000,202546710000100555,공중화장실,법제3조제16호-영제3조제1항제1호,국립신시도자연휴양림 커뮤니티센터 화장실,전북특별자치도 군산시 옥도면 신시도길 271,,2,2,1,0,0,0,4,1,0,국립자연휴양림관리소,0634645580,정시,정시(09:00∼18:00),202103,공공기관-국가,수세식,N,Y,장애인화장실,N,N,,,2025-07-01,I,2026-05-15 18:43:46,2025-07-02 17:46:30
4671000,202546710000100556,공중화장실,법제3조제16호-영제3조제1항제1호,국립신시도자연휴양림야외화장실,전북특별자치도 군산시 옥도면 신시도길 271,,3,2,1,0,0,0,5,1,0,국립자연휴양림관리소,0634645580,상시,,202103,공공기관-국가,수세식,N,Y,장애인화장실,N,N,,,2025-07-01,I,2026-05-15 18:43:46,2025-07-02 17:46:30
4671000,202546710000100557,개방화장실,법제3조제16호-영제3조제1항제1호,군산해양경찰서 민원동 화장실,전북특별자치도 군산시 군산창길 21,,23,33,1,0,0,0,16,1,0,군산해양경찰서,0635392816,정시,정시(09:00∼18:00),200912,공공기관-국가,수세식,N,N,,N,N,,,2025-07-01,I,2026-05-15 18:43:45,2025-07-02 17:46:30
4671000,202546710000100558,개방화장실,법제3조제16호-영제3조제1항제1호,해망파출소 청사 내 화장실,전북특별자치도 군산시 내항2길 111,,1,0,1,0,0,0,1,0,0,군산해양경찰서해망파출소,0635392126,정시,정시(09:00∼18:00),201010,공공기관-국가,수세식,N,N,,N,N,,,2025-07-01,I,2026-05-15 18:43:45,2025-07-02 17:46:30
4671000,202546710000100559,개방화장실,법제3조제16호-영제3조제1항제1호,비응파출소 청사 내 화장실,전북특별자치도 군산시 비응남로 74-11,,1,2,1,0,0,0,1,1,0,군산해양경찰서비응파출소,0635392326,정시,정시(09:00∼18:00),201912,공공기관-국가,수세식,N,N,,N,N,,,2025-07-01,I,2026-05-15 18:43:45,2025-07-02 17:46:30
4671000,202546710000100560,개방화장실,법제3조제16호-영제3조제1항제1호,새만금파출소 청사 내 화장실,전북특별자치도 군산시 새만금로 1563-22,,0,0,0,0,0,0,0,0,0,군산해양경찰서새만금파출소,0635392526,정시,정시(09:00∼18:00),201012,공공기관-국가,수세식,N,N,,N,N,,,2025-07-01,I,2026-05-15 18:43:46,2025-07-02 17:46:30
4671000,202546710000100561,개방화장실,법제3조제16호-영제3조제1항제1호,군산항연안여객터미널대합실 내,전북특별자치도 군산시 임해로 378-8,,28,28,7,8,0,0,44,7,0,군산지방해양수산청,0634412242,정시,정시(09:00∼18:00),200412,공공기관-국가,수세식,N,N,,N,N,,,2025-07-01,I,2026-05-15 18:43:46,2025-07-02 17:46:30
4671000,202546710000100562,공중화장실,법제3조제16호-영제3조제1항제1호,한국수산자원공단 서해본부,전북특별자치도 군산시 장미동 해망로 256번지,,5,5,0,0,0,0,2,0,0,한국수산자원공단,0634402611,정시,정시(09:00∼18:00),201101,공공기관-국가공공기관,수세식,N,N,,Y,N,,,2025-07-01,U,2026-05-19 03:03:03,2026-05-18 17:09:48
4671000,202546710000100563,공중화장실,법제3조제16호-영제3조제1항제1호,군산고용노동지청,전북특별자치도 군산시 조촌5길 44,,6,8,1,1,0,0,6,1,0,고용노동부 군산지청,0634500513,정시,정시(09:00∼18:00),199410,공공기관-국가,수세식,N,Y,장애인화장실+남자화장실+여자화장실,N,N,,,2025-07-01,U,2026-05-19 03:03:03,2026-05-18 17:09:20
4671000,202546710000100564,개방화장실,법제3조제16호-영제3조제1항제2호,서수교회,전북특별자치도 군산시 탑천로 599,,2,2,0,0,0,0,3,0,0,서수교회,0634533575,상시,,198405,민간,수세식,N,N,,N,N,,,2025-07-01,U,2026-05-19 03:03:03,2026-05-18 17:01:49
4671000,202546710000100565,공중화장실,법제3조제16호-영제3조제1항제1호,상신안길공원,전북특별자치도 군산시 나운동 776-3,,1,1,0,0,0,0,2,0,0,군산시청,0634542982,상시,,202301,공공기관-지방자치단체,수세식,N,N,,N,N,,,2025-07-01,I,2026-05-15 18:43:45,2025-07-02 17:46:30
4671000,202546710000100566,공중화장실,법제3조제16호-영제3조제1항제1호,기타,전북특별자치도 군산시 회현면 고사리 산88,,2,2,0,0,0,0,4,0,0,군산시청,0634544252,상시,,202406,공공기관-지방자치단체,수세식,N,N,,N,Y,남자화장실+여자화장실,,2025-07-01,I,2026-05-15 18:43:46,2025-07-02 17:46:30
4671000,202646710000100001,공중화장실,,마파지길,,전북특별자치도 군산시 비응도동 36-16,2,2,0,0,0,0,3,0,0,군산시청,,상시,,202512,공공기관-지방자치단체,수세식,,N,,N,N,,,2026-05-19,,2026-05-20 22:57:40,2026-05-19 14:35:55
4671000,202646710000100002,공중화장실,,새뜰마을,,전북특별자치도 군산시 선양동 241,3,1,1,1,0,0,4,1,0,군산시청,,상시,,202512,공공기관-지방자치단체,수세식,,N,,N,N,,,2026-05-19,,2026-05-20 22:57:40,2026-05-19 14:39:58
4671000,202646710000100003,공중화장실,,예술의전당 주차장,,전북특별자치도 군산시 지곡동 273-1,1,1,0,0,0,0,1,0,0,군산시청,,상시,,,공공기관-특수법인,수세식,,N,,N,N,,,2026-05-19,,2026-05-20 22:57:40,2026-05-19 14:42:11
